-- phpMyAdmin SQL Dump
-- version 4.9.1
-- https://www.phpmyadmin.net/
--
-- Host: localhost
-- Generation Time: May 28, 2021 at 02:00 PM
-- Server version: 10.5.4-MariaDB-log
-- PHP Version: 7.4.9

SET SQL_MODE = "NO_AUTO_VALUE_ON_ZERO";
SET AUTOCOMMIT = 0;
START TRANSACTION;
SET time_zone = "+00:00";


/*!40101 SET @OLD_CHARACTER_SET_CLIENT=@@CHARACTER_SET_CLIENT */;
/*!40101 SET @OLD_CHARACTER_SET_RESULTS=@@CHARACTER_SET_RESULTS */;
/*!40101 SET @OLD_COLLATION_CONNECTION=@@COLLATION_CONNECTION */;

--
-- Database: `gsb`
--

-- --------------------------------------------------------

--
-- Table structure for table `etat`
--

CREATE TABLE `etat` (
  `id` char(2) NOT NULL,
  `libelle` varchar(30) DEFAULT NULL
) ENGINE=InnoDB DEFAULT CHARSET=latin1;

--
-- Dumping data for table `etat`
--

INSERT INTO `etat` (`id`, `libelle`) VALUES
('CL', 'Saisie clôturée'),
('CR', 'Fiche créée, saisie en cours'),
('RB', 'Remboursée'),
('VA', 'Validée et mise en paiement');

-- --------------------------------------------------------

--
-- Table structure for table `fichefrais`
--

CREATE TABLE `fichefrais` (
  `idVisiteur` char(4) NOT NULL,
  `mois` char(6) NOT NULL,
  `nbJustificatifs` int(11) DEFAULT NULL,
  `montantValide` decimal(10,2) DEFAULT NULL,
  `dateModif` date DEFAULT NULL,
  `idEtat` char(2) DEFAULT 'CR'
) ENGINE=InnoDB DEFAULT CHARSET=latin1;

--
-- Dumping data for table `fichefrais`
--

INSERT INTO `fichefrais` (`idVisiteur`, `mois`, `nbJustificatifs`, `montantValide`, `dateModif`, `idEtat`) VALUES
('a131', '202101', 7, '3547.99', '2021-03-05', 'RB'),
('a131', '202102', 2, '8999.03', '2021-04-05', 'RB'),
('a131', '202103', 2, '2952.41', '2021-05-08', 'RB'),
('a131', '202104', 4, '2859.00', '2021-06-03', 'RB'),
('a131', '202105', 7, '2276.81', '2021-07-08', 'RB'),
('a131', '202106', 2, '4262.20', '2021-08-04', 'RB'),
('a131', '202107', 1, '3600.14', '2021-08-05', 'VA'),
('a131', '202108', 12, '0.00', '2021-08-05', 'CR'),
('a17', '202101', 0, '2915.48', '2021-03-04', 'RB'),
('a17', '202102', 4, '4035.78', '2021-04-01', 'RB'),
('a17', '202103', 4, '3121.28', '2021-05-01', 'RB'),
('a17', '202104', 11, '3200.14', '2021-06-08', 'RB'),
('a17', '202105', 11, '3140.13', '2021-07-07', 'RB'),
('a17', '202106', 8, '4721.75', '2021-08-05', 'RB'),
('a17', '202107', 0, '2219.76', '2021-08-07', 'VA'),
('a17', '202108', 10, '0.00', '2021-08-06', 'CR'),
('a55', '202101', 12, '2608.76', '2021-03-07', 'RB'),
('a55', '202102', 11, '3975.80', '2021-04-02', 'RB'),
('a55', '202103', 12, '3082.71', '2021-05-06', 'RB'),
('a55', '202104', 11, '4473.58', '2021-06-01', 'RB'),
('a55', '202105', 8, '4428.46', '2021-07-02', 'RB'),
('a55', '202106', 7, '5055.53', '2021-08-02', 'RB'),
('a55', '202107', 6, '3058.95', '2021-08-05', 'VA'),
('a55', '202108', 1, '0.00', '2021-08-03', 'CR'),
('a93', '202101', 5, '3565.99', '2021-03-06', 'RB'),
('a93', '202102', 0, '4186.70', '2021-04-06', 'RB'),
('a93', '202103', 0, '4057.55', '2021-05-07', 'RB'),
('a93', '202104', 4, '3977.77', '2021-06-05', 'RB'),
('a93', '202105', 11, '4465.93', '2021-07-02', 'RB'),
('a93', '202106', 12, '4245.04', '2021-08-03', 'RB'),
('a93', '202107', 5, '4676.70', '2021-08-06', 'VA'),
('a93', '202108', 12, '0.00', '2021-08-04', 'CR'),
('b13', '202101', 4, '3415.22', '2021-03-01', 'RB'),
('b13', '202102', 8, '6014.70', '2021-04-07', 'RB'),
('b13', '202103', 8, '4087.14', '2021-05-04', 'RB'),
('b13', '202104', 4, '1337.62', '2021-06-06', 'RB'),
('b13', '202105', 8, '4130.74', '2021-07-05', 'RB'),
('b13', '202106', 11, '3237.45', '2021-08-08', 'RB'),
('b13', '202107', 10, '4022.56', '2021-08-04', 'VA'),
('b13', '202108', 3, '0.00', '2021-08-02', 'CR'),
('b16', '202101', 10, '0.00', '2021-03-08', 'RB'),
('b16', '202102', 9, '0.00', '2021-04-03', 'RB'),
('b16', '202103', 10, '0.00', '2021-05-05', 'RB'),
('b16', '202104', 11, '0.00', '2021-06-03', 'RB'),
('b16', '202105', 12, '0.00', '2021-07-05', 'RB'),
('b16', '202106', 3, '0.00', '2021-08-01', 'RB'),
('b16', '202107', 9, '0.00', '2021-08-05', 'VA'),
('b16', '202108', 0, '0.00', '2021-08-03', 'CR'),
('b19', '202101', 10, '0.00', '2021-03-03', 'RB'),
('b19', '202102', 4, '0.00', '2021-04-04', 'RB'),
('b19', '202103', 5, '0.00', '2021-05-03', 'RB'),
('b19', '202104', 11, '0.00', '2021-06-04', 'RB'),
('b19', '202105', 9, '0.00', '2021-07-08', 'RB'),
('b19', '202106', 2, '0.00', '2021-08-06', 'RB'),
('b19', '202107', 2, '0.00', '2021-08-03', 'VA'),
('b19', '202108', 5, '0.00', '2021-08-08', 'CR'),
('b25', '202101', 3, '0.00', '2021-03-01', 'RB'),
('b25', '202102', 5, '0.00', '2021-04-08', 'RB'),
('b25', '202103', 6, '0.00', '2021-05-04', 'RB'),
('b25', '202104', 5, '0.00', '2021-06-08', 'RB'),
('b25', '202105', 12, '0.00', '2021-07-07', 'RB'),
('b25', '202106', 7, '0.00', '2021-08-07', 'RB'),
('b25', '202107', 1, '0.00', '2021-08-05', 'VA'),
('b25', '202108', 2, '0.00', '2021-08-01', 'CR'),
('b28', '202101', 2, '0.00', '2021-03-04', 'RB'),
('b28', '202102', 0, '0.00', '2021-04-01', 'RB'),
('b28', '202103', 1, '0.00', '2021-05-01', 'RB'),
('b28', '202104', 5, '0.00', '2021-06-01', 'RB'),
('b28', '202105', 9, '0.00', '2021-07-03', 'RB'),
('b28', '202106', 6, '0.00', '2021-08-04', 'RB'),
('b28', '202107', 6, '0.00', '2021-08-02', 'VA'),
('b28', '202108', 6, '0.00', '2021-08-07', 'CR'),
('b34', '202101', 8, '0.00', '2021-03-03', 'RB'),
('b34', '202102', 1, '0.00', '2021-04-05', 'RB'),
('b34', '202103', 3, '0.00', '2021-05-02', 'RB'),
('b34', '202104', 11, '0.00', '2021-06-06', 'RB'),
('b34', '202105', 0, '0.00', '2021-07-02', 'RB'),
('b34', '202106', 12, '0.00', '2021-08-05', 'RB'),
('b34', '202107', 5, '0.00', '2021-08-04', 'VA'),
('b34', '202108', 4, '0.00', '2021-08-08', 'CR'),
('b4', '202101', 8, '0.00', '2021-03-06', 'RB'),
('b4', '202102', 9, '0.00', '2021-04-06', 'RB'),
('b4', '202103', 11, '0.00', '2021-05-07', 'RB'),
('b4', '202104', 11, '0.00', '2021-06-07', 'RB'),
('b4', '202105', 10, '0.00', '2021-07-05', 'RB'),
('b4', '202106', 10, '0.00', '2021-08-02', 'RB'),
('b4', '202107', 11, '0.00', '2021-08-02', 'VA'),
('b4', '202108', 8, '0.00', '2021-08-05', 'CR'),
('b50', '202101', 1, '0.00', '2021-03-05', 'RB'),
('b50', '202102', 10, '0.00', '2021-04-02', 'RB'),
('b50', '202103', 12, '0.00', '2021-05-08', 'RB'),
('b50', '202104', 5, '0.00', '2021-06-03', 'RB'),
('b50', '202105', 0, '0.00', '2021-07-05', 'RB'),
('b50', '202106', 3, '0.00', '2021-08-03', 'RB'),
('b50', '202107', 10, '0.00', '2021-08-03', 'VA'),
('b50', '202108', 6, '0.00', '2021-08-06', 'CR'),
('b59', '202101', 0, '0.00', '2021-03-08', 'RB'),
('b59', '202102', 5, '0.00', '2021-04-03', 'RB'),
('b59', '202103', 7, '0.00', '2021-05-05', 'RB'),
('b59', '202104', 5, '0.00', '2021-06-04', 'RB'),
('b59', '202105', 11, '0.00', '2021-07-08', 'RB'),
('b59', '202106', 2, '0.00', '2021-08-08', 'RB'),
('b59', '202107', 3, '0.00', '2021-08-01', 'VA'),
('b59', '202108', 10, '0.00', '2021-08-03', 'CR'),
('c14', '202101', 6, '0.00', '2021-03-07', 'RB'),
('c14', '202102', 6, '0.00', '2021-04-07', 'RB'),
('c14', '202103', 9, '0.00', '2021-05-06', 'RB'),
('c14', '202104', 12, '0.00', '2021-06-01', 'RB'),
('c14', '202105', 1, '0.00', '2021-07-07', 'RB'),
('c14', '202106', 7, '0.00', '2021-08-01', 'RB'),
('c14', '202107', 2, '0.00', '2021-08-02', 'VA'),
('c14', '202108', 8, '0.00', '2021-08-05', 'CR'),
('c3', '202101', 6, '0.00', '2021-03-01', 'RB'),
('c3', '202102', 1, '0.00', '2021-04-08', 'RB'),
('c3', '202103', 4, '0.00', '2021-05-03', 'RB'),
('c3', '202104', 12, '0.00', '2021-06-02', 'RB'),
('c3', '202105', 11, '0.00', '2021-07-03', 'RB'),
('c3', '202106', 6, '0.00', '2021-08-06', 'RB'),
('c3', '202107', 7, '0.00', '2021-08-08', 'VA'),
('c3', '202108', 12, '0.00', '2021-08-02', 'CR'),
('c54', '202101', 12, '0.00', '2021-03-08', 'RB'),
('c54', '202102', 2, '0.00', '2021-04-04', 'RB'),
('c54', '202103', 5, '0.00', '2021-05-04', 'RB'),
('c54', '202104', 5, '0.00', '2021-06-06', 'RB'),
('c54', '202105', 2, '0.00', '2021-07-02', 'RB'),
('c54', '202106', 11, '0.00', '2021-08-07', 'RB'),
('c54', '202107', 6, '0.00', '2021-08-02', 'VA'),
('c54', '202108', 9, '0.00', '2021-08-03', 'CR'),
('d13', '202101', 11, '0.00', '2021-03-03', 'RB'),
('d13', '202102', 10, '0.00', '2021-04-05', 'RB'),
('d13', '202103', 0, '0.00', '2021-05-02', 'RB'),
('d13', '202104', 5, '0.00', '2021-06-07', 'RB'),
('d13', '202105', 12, '0.00', '2021-07-06', 'RB'),
('d13', '202106', 10, '0.00', '2021-08-04', 'RB'),
('d13', '202107', 12, '0.00', '2021-08-07', 'VA'),
('d13', '202108', 1, '0.00', '2021-08-08', 'CR'),
('d51', '202101', 4, '0.00', '2021-03-02', 'RB'),
('d51', '202102', 11, '0.00', '2021-04-01', 'RB'),
('d51', '202103', 2, '0.00', '2021-05-03', 'RB'),
('d51', '202104', 12, '0.00', '2021-06-04', 'RB'),
('d51', '202105', 2, '0.00', '2021-07-05', 'RB'),
('d51', '202106', 2, '0.00', '2021-08-05', 'RB'),
('d51', '202107', 11, '0.00', '2021-08-01', 'VA'),
('d51', '202108', 11, '0.00', '2021-08-02', 'CR'),
('e22', '202101', 3, '0.00', '2021-03-05', 'RB'),
('e22', '202102', 6, '0.00', '2021-04-02', 'RB'),
('e22', '202103', 10, '0.00', '2021-05-08', 'RB'),
('e22', '202104', 12, '0.00', '2021-06-04', 'RB'),
('e22', '202105', 12, '0.00', '2021-07-08', 'RB'),
('e22', '202106', 1, '0.00', '2021-08-01', 'RB'),
('e22', '202107', 3, '0.00', '2021-08-06', 'VA'),
('e22', '202108', 2, '0.00', '2021-08-07', 'CR'),
('e24', '202101', 9, '0.00', '2021-03-04', 'RB'),
('e24', '202102', 7, '0.00', '2021-04-06', 'RB'),
('e24', '202103', 11, '0.00', '2021-05-01', 'RB'),
('e24', '202104', 5, '0.00', '2021-06-01', 'RB'),
('e24', '202105', 3, '0.00', '2021-07-08', 'RB'),
('e24', '202106', 7, '0.00', '2021-08-02', 'RB'),
('e24', '202107', 3, '0.00', '2021-08-08', 'VA'),
('e24', '202108', 0, '0.00', '2021-08-08', 'CR'),
('e39', '202101', 9, '0.00', '2021-03-07', 'RB'),
('e39', '202102', 2, '0.00', '2021-04-07', 'RB'),
('e39', '202103', 6, '0.00', '2021-05-06', 'RB'),
('e39', '202104', 6, '0.00', '2021-06-02', 'RB'),
('e39', '202105', 0, '0.00', '2021-07-03', 'RB'),
('e39', '202106', 5, '0.00', '2021-08-07', 'RB'),
('e39', '202107', 8, '0.00', '2021-08-06', 'VA'),
('e39', '202108', 4, '0.00', '2021-08-05', 'CR'),
('e49', '202101', 2, '0.00', '2021-03-05', 'RB'),
('e49', '202102', 4, '0.00', '2021-04-03', 'RB'),
('e49', '202103', 8, '0.00', '2021-05-07', 'RB'),
('e49', '202104', 12, '0.00', '2021-06-07', 'RB'),
('e49', '202105', 3, '0.00', '2021-07-02', 'RB'),
('e49', '202106', 11, '0.00', '2021-08-08', 'RB'),
('e49', '202107', 7, '0.00', '2021-08-07', 'VA'),
('e49', '202108', 2, '0.00', '2021-08-07', 'CR'),
('e5', '202101', 1, '0.00', '2021-03-08', 'RB'),
('e5', '202102', 11, '0.00', '2021-04-04', 'RB'),
('e5', '202103', 3, '0.00', '2021-05-04', 'RB'),
('e5', '202104', 12, '0.00', '2021-06-07', 'RB'),
('e5', '202105', 0, '0.00', '2021-07-06', 'RB'),
('e5', '202106', 10, '0.00', '2021-08-05', 'RB'),
('e5', '202107', 0, '0.00', '2021-08-05', 'VA'),
('e5', '202108', 6, '0.00', '2021-08-04', 'CR'),
('e52', '202101', 7, '0.00', '2021-03-07', 'RB'),
('e52', '202102', 0, '0.00', '2021-04-08', 'RB'),
('e52', '202103', 4, '0.00', '2021-05-05', 'RB'),
('e52', '202104', 6, '0.00', '2021-06-04', 'RB'),
('e52', '202105', 4, '0.00', '2021-07-05', 'RB'),
('e52', '202106', 2, '0.00', '2021-08-06', 'RB'),
('e52', '202107', 12, '0.00', '2021-08-06', 'VA'),
('e52', '202108', 3, '0.00', '2021-08-05', 'CR'),
('f21', '202101', 7, '0.00', '2021-03-02', 'RB'),
('f21', '202102', 7, '0.00', '2021-04-08', 'RB'),
('f21', '202103', 12, '0.00', '2021-05-02', 'RB'),
('f21', '202104', 6, '0.00', '2021-06-05', 'RB'),
('f21', '202105', 1, '0.00', '2021-07-08', 'RB'),
('f21', '202106', 1, '0.00', '2021-08-03', 'RB'),
('f21', '202107', 4, '0.00', '2021-08-04', 'VA'),
('f21', '202108', 8, '0.00', '2021-08-02', 'CR'),
('f39', '202101', 0, '0.00', '2021-03-01', 'RB'),
('f39', '202102', 9, '0.00', '2021-04-05', 'RB'),
('f39', '202103', 1, '0.00', '2021-05-04', 'RB'),
('f39', '202104', 12, '0.00', '2021-06-02', 'RB'),
('f39', '202105', 4, '0.00', '2021-07-08', 'RB'),
('f39', '202106', 6, '0.00', '2021-08-04', 'RB'),
('f39', '202107', 3, '0.00', '2021-08-06', 'VA'),
('f39', '202108', 5, '0.00', '2021-08-04', 'CR'),
('f4', '202101', 12, '0.00', '2021-03-04', 'RB'),
('f4', '202102', 3, '0.00', '2021-04-05', 'RB'),
('f4', '202103', 9, '0.00', '2021-05-01', 'RB'),
('f4', '202104', 12, '0.00', '2021-06-02', 'RB'),
('f4', '202105', 1, '0.00', '2021-07-03', 'RB'),
('f4', '202106', 5, '0.00', '2021-08-01', 'RB'),
('f4', '202107', 9, '0.00', '2021-08-03', 'VA'),
('f4', '202108', 9, '0.00', '2021-08-01', 'CR');

-- --------------------------------------------------------

--
-- Table structure for table `fraisforfait`
--

CREATE TABLE `fraisforfait` (
  `id` char(3) NOT NULL,
  `libelle` char(20) DEFAULT NULL,
  `montant` decimal(5,2) DEFAULT NULL
) ENGINE=InnoDB DEFAULT CHARSET=latin1;

--
-- Dumping data for table `fraisforfait`
--

INSERT INTO `fraisforfait` (`id`, `libelle`, `montant`) VALUES
('ETP', 'Forfait Etape', '110.00'),
('KM', 'Frais Kilométrique', '0.62'),
('NUI', 'Nuitée Hôtel', '80.00'),
('REP', 'Repas Restaurant', '25.00');

-- --------------------------------------------------------

--
-- Table structure for table `lignefraisforfait`
--

CREATE TABLE `lignefraisforfait` (
  `idVisiteur` char(4) NOT NULL,
  `mois` char(6) NOT NULL,
  `idFraisForfait` char(3) NOT NULL,
  `quantite` int(11) DEFAULT NULL
) ENGINE=InnoDB DEFAULT CHARSET=latin1;

--
-- Dumping data for table `lignefraisforfait`
--

INSERT INTO `lignefraisforfait` (`idVisiteur`, `mois`, `idFraisForfait`, `quantite`) VALUES
('a131', '202101', 'ETP', 11),
('a131', '202101', 'KM', 383),
('a131', '202101', 'NUI', 19),
('a131', '202101', 'REP', 18),
('a131', '202102', 'ETP', 20),
('a131', '202102', 'KM', 843),
('a131', '202102', 'NUI', 5),
('a131', '202102', 'REP', 14),
('a131', '202103', 'ETP', 7),
('a131', '202103', 'KM', 353),
('a131', '202103', 'NUI', 19),
('a131', '202103', 'REP', 7),
('a131', '202104', 'ETP', 13),
('a131', '202104', 'KM', 909),
('a131', '202104', 'NUI', 4),
('a131', '202104', 'REP', 10),
('a131', '202105', 'ETP', 13),
('a131', '202105', 'KM', 647),
('a131', '202105', 'NUI', 5),
('a131', '202105', 'REP', 4),
('a131', '202106', 'ETP', 13),
('a131', '202106', 'KM', 860),
('a131', '202106', 'NUI', 4),
('a131', '202106', 'REP', 2),
('a131', '202107', 'ETP', 7),
('a131', '202107', 'KM', 387),
('a131', '202107', 'NUI', 10),
('a131', '202107', 'REP', 4),
('a131', '202108', 'ETP', 17),
('a131', '202108', 'KM', 521),
('a131', '202108', 'NUI', 3),
('a131', '202108', 'REP', 3),
('a17', '202101', 'ETP', 8),
('a17', '202101', 'KM', 829),
('a17', '202101', 'NUI', 11),
('a17', '202101', 'REP', 15),
('a17', '202102', 'ETP', 17),
('a17', '202102', 'KM', 719),
('a17', '202102', 'NUI', 12),
('a17', '202102', 'REP', 5),
('a17', '202103', 'ETP', 13),
('a17', '202103', 'KM', 362),
('a17', '202103', 'NUI', 7),
('a17', '202103', 'REP', 12),
('a17', '202104', 'ETP', 8),
('a17', '202104', 'KM', 347),
('a17', '202104', 'NUI', 6),
('a17', '202104', 'REP', 8),
('a17', '202105', 'ETP', 7),
('a17', '202105', 'KM', 918),
('a17', '202105', 'NUI', 6),
('a17', '202105', 'REP', 16),
('a17', '202106', 'ETP', 4),
('a17', '202106', 'KM', 562),
('a17', '202106', 'NUI', 18),
('a17', '202106', 'REP', 7),
('a17', '202107', 'ETP', 4),
('a17', '202107', 'KM', 921),
('a17', '202107', 'NUI', 3),
('a17', '202107', 'REP', 4),
('a17', '202108', 'ETP', 2),
('a17', '202108', 'KM', 485),
('a17', '202108', 'NUI', 7),
('a17', '202108', 'REP', 16),
('a55', '202101', 'ETP', 3),
('a55', '202101', 'KM', 575),
('a55', '202101', 'NUI', 17),
('a55', '202101', 'REP', 12),
('a55', '202102', 'ETP', 11),
('a55', '202102', 'KM', 596),
('a55', '202102', 'NUI', 8),
('a55', '202102', 'REP', 15),
('a55', '202103', 'ETP', 5),
('a55', '202103', 'KM', 370),
('a55', '202103', 'NUI', 11),
('a55', '202103', 'REP', 16),
('a55', '202104', 'ETP', 18),
('a55', '202104', 'KM', 487),
('a55', '202104', 'NUI', 18),
('a55', '202104', 'REP', 7),
('a55', '202105', 'ETP', 16),
('a55', '202105', 'KM', 488),
('a55', '202105', 'NUI', 8),
('a55', '202105', 'REP', 8),
('a55', '202106', 'ETP', 12),
('a55', '202106', 'KM', 964),
('a55', '202106', 'NUI', 9),
('a55', '202106', 'REP', 13),
('a55', '202107', 'ETP', 11),
('a55', '202107', 'KM', 754),
('a55', '202107', 'NUI', 2),
('a55', '202107', 'REP', 3),
('a55', '202108', 'ETP', 7),
('a55', '202108', 'KM', 450),
('a55', '202108', 'NUI', 15),
('a55', '202108', 'REP', 10),
('a93', '202101', 'ETP', 17),
('a93', '202101', 'KM', 320),
('a93', '202101', 'NUI', 4),
('a93', '202101', 'REP', 10),
('a93', '202102', 'ETP', 5),
('a93', '202102', 'KM', 473),
('a93', '202102', 'NUI', 3),
('a93', '202102', 'REP', 7),
('a93', '202103', 'ETP', 17),
('a93', '202103', 'KM', 378),
('a93', '202103', 'NUI', 15),
('a93', '202103', 'REP', 20),
('a93', '202104', 'ETP', 10),
('a93', '202104', 'KM', 627),
('a93', '202104', 'NUI', 11),
('a93', '202104', 'REP', 5),
('a93', '202105', 'ETP', 7),
('a93', '202105', 'KM', 759),
('a93', '202105', 'NUI', 10),
('a93', '202105', 'REP', 20),
('a93', '202106', 'ETP', 2),
('a93', '202106', 'KM', 666),
('a93', '202106', 'NUI', 19),
('a93', '202106', 'REP', 18),
('a93', '202107', 'ETP', 18),
('a93', '202107', 'KM', 587),
('a93', '202107', 'NUI', 20),
('a93', '202107', 'REP', 3),
('a93', '202108', 'ETP', 13),
('a93', '202108', 'KM', 414),
('a93', '202108', 'NUI', 3),
('a93', '202108', 'REP', 3),
('b13', '202101', 'ETP', 12),
('b13', '202101', 'KM', 766),
('b13', '202101', 'NUI', 11),
('b13', '202101', 'REP', 7),
('b13', '202102', 'ETP', 18),
('b13', '202102', 'KM', 350),
('b13', '202102', 'NUI', 18),
('b13', '202102', 'REP', 17),
('b13', '202103', 'ETP', 10),
('b13', '202103', 'KM', 386),
('b13', '202103', 'NUI', 20),
('b13', '202103', 'REP', 6),
('b13', '202104', 'ETP', 2),
('b13', '202104', 'KM', 766),
('b13', '202104', 'NUI', 5),
('b13', '202104', 'REP', 4),
('b13', '202105', 'ETP', 16),
('b13', '202105', 'KM', 329),
('b13', '202105', 'NUI', 11),
('b13', '202105', 'REP', 12),
('b13', '202106', 'ETP', 10),
('b13', '202106', 'KM', 367),
('b13', '202106', 'NUI', 10),
('b13', '202106', 'REP', 5),
('b13', '202107', 'ETP', 6),
('b13', '202107', 'KM', 420),
('b13', '202107', 'NUI', 20),
('b13', '202107', 'REP', 2),
('b13', '202108', 'ETP', 19),
('b13', '202108', 'KM', 379),
('b13', '202108', 'NUI', 11),
('b13', '202108', 'REP', 16),
('b16', '202101', 'ETP', 7),
('b16', '202101', 'KM', 512),
('b16', '202101', 'NUI', 17),
('b16', '202101', 'REP', 4),
('b16', '202102', 'ETP', 12),
('b16', '202102', 'KM', 927),
('b16', '202102', 'NUI', 14),
('b16', '202102', 'REP', 8),
('b16', '202103', 'ETP', 3),
('b16', '202103', 'KM', 394),
('b16', '202103', 'NUI', 5),
('b16', '202103', 'REP', 10),
('b16', '202104', 'ETP', 12),
('b16', '202104', 'KM', 906),
('b16', '202104', 'NUI', 17),
('b16', '202104', 'REP', 2),
('b16', '202105', 'ETP', 6),
('b16', '202105', 'KM', 600),
('b16', '202105', 'NUI', 13),
('b16', '202105', 'REP', 5),
('b16', '202106', 'ETP', 18),
('b16', '202106', 'KM', 770),
('b16', '202106', 'NUI', 20),
('b16', '202106', 'REP', 10),
('b16', '202107', 'ETP', 13),
('b16', '202107', 'KM', 954),
('b16', '202107', 'NUI', 19),
('b16', '202107', 'REP', 2),
('b16', '202108', 'ETP', 6),
('b16', '202108', 'KM', 343),
('b16', '202108', 'NUI', 18),
('b16', '202108', 'REP', 10),
('b19', '202101', 'ETP', 2),
('b19', '202101', 'KM', 958),
('b19', '202101', 'NUI', 5),
('b19', '202101', 'REP', 20),
('b19', '202102', 'ETP', 6),
('b19', '202102', 'KM', 804),
('b19', '202102', 'NUI', 10),
('b19', '202102', 'REP', 19),
('b19', '202103', 'ETP', 15),
('b19', '202103', 'KM', 403),
('b19', '202103', 'NUI', 9),
('b19', '202103', 'REP', 14),
('b19', '202104', 'ETP', 4),
('b19', '202104', 'KM', 345),
('b19', '202104', 'NUI', 11),
('b19', '202104', 'REP', 19),
('b19', '202105', 'ETP', 16),
('b19', '202105', 'KM', 871),
('b19', '202105', 'NUI', 15),
('b19', '202105', 'REP', 16),
('b19', '202106', 'ETP', 7),
('b19', '202106', 'KM', 471),
('b19', '202106', 'NUI', 11),
('b19', '202106', 'REP', 16),
('b19', '202107', 'ETP', 20),
('b19', '202107', 'KM', 787),
('b19', '202107', 'NUI', 18),
('b19', '202107', 'REP', 2),
('b19', '202108', 'ETP', 12),
('b19', '202108', 'KM', 307),
('b19', '202108', 'NUI', 7),
('b19', '202108', 'REP', 3),
('b25', '202101', 'ETP', 17),
('b25', '202101', 'KM', 703),
('b25', '202101', 'NUI', 11),
('b25', '202101', 'REP', 18),
('b25', '202102', 'ETP', 19),
('b25', '202102', 'KM', 681),
('b25', '202102', 'NUI', 6),
('b25', '202102', 'REP', 10),
('b25', '202103', 'ETP', 7),
('b25', '202103', 'KM', 411),
('b25', '202103', 'NUI', 13),
('b25', '202103', 'REP', 19),
('b25', '202104', 'ETP', 14),
('b25', '202104', 'KM', 484),
('b25', '202104', 'NUI', 4),
('b25', '202104', 'REP', 18),
('b25', '202105', 'ETP', 6),
('b25', '202105', 'KM', 441),
('b25', '202105', 'NUI', 17),
('b25', '202105', 'REP', 9),
('b25', '202106', 'ETP', 16),
('b25', '202106', 'KM', 874),
('b25', '202106', 'NUI', 2),
('b25', '202106', 'REP', 3),
('b25', '202107', 'ETP', 9),
('b25', '202107', 'KM', 620),
('b25', '202107', 'NUI', 18),
('b25', '202107', 'REP', 20),
('b25', '202108', 'ETP', 18),
('b25', '202108', 'KM', 973),
('b25', '202108', 'NUI', 15),
('b25', '202108', 'REP', 16),
('b28', '202101', 'ETP', 12),
('b28', '202101', 'KM', 449),
('b28', '202101', 'NUI', 18),
('b28', '202101', 'REP', 15),
('b28', '202102', 'ETP', 13),
('b28', '202102', 'KM', 558),
('b28', '202102', 'NUI', 20),
('b28', '202102', 'REP', 20),
('b28', '202103', 'ETP', 19),
('b28', '202103', 'KM', 419),
('b28', '202103', 'NUI', 17),
('b28', '202103', 'REP', 4),
('b28', '202104', 'ETP', 6),
('b28', '202104', 'KM', 624),
('b28', '202104', 'NUI', 16),
('b28', '202104', 'REP', 16),
('b28', '202105', 'ETP', 16),
('b28', '202105', 'KM', 713),
('b28', '202105', 'NUI', 18),
('b28', '202105', 'REP', 20),
('b28', '202106', 'ETP', 5),
('b28', '202106', 'KM', 575),
('b28', '202106', 'NUI', 12),
('b28', '202106', 'REP', 8),
('b28', '202107', 'ETP', 16),
('b28', '202107', 'KM', 453),
('b28', '202107', 'NUI', 17),
('b28', '202107', 'REP', 20),
('b28', '202108', 'ETP', 5),
('b28', '202108', 'KM', 937),
('b28', '202108', 'NUI', 3),
('b28', '202108', 'REP', 10),
('b34', '202101', 'ETP', 7),
('b34', '202101', 'KM', 895),
('b34', '202101', 'NUI', 5),
('b34', '202101', 'REP', 12),
('b34', '202102', 'ETP', 7),
('b34', '202102', 'KM', 435),
('b34', '202102', 'NUI', 16),
('b34', '202102', 'REP', 12),
('b34', '202103', 'ETP', 12),
('b34', '202103', 'KM', 427),
('b34', '202103', 'NUI', 2),
('b34', '202103', 'REP', 9),
('b34', '202104', 'ETP', 17),
('b34', '202104', 'KM', 764),
('b34', '202104', 'NUI', 10),
('b34', '202104', 'REP', 15),
('b34', '202105', 'ETP', 6),
('b34', '202105', 'KM', 984),
('b34', '202105', 'NUI', 20),
('b34', '202105', 'REP', 13),
('b34', '202106', 'ETP', 13),
('b34', '202106', 'KM', 978),
('b34', '202106', 'NUI', 3),
('b34', '202106', 'REP', 14),
('b34', '202107', 'ETP', 4),
('b34', '202107', 'KM', 987),
('b34', '202107', 'NUI', 16),
('b34', '202107', 'REP', 20),
('b34', '202108', 'ETP', 11),
('b34', '202108', 'KM', 902),
('b34', '202108', 'NUI', 11),
('b34', '202108', 'REP', 4),
('b4', '202101', 'ETP', 2),
('b4', '202101', 'KM', 640),
('b4', '202101', 'NUI', 12),
('b4', '202101', 'REP', 9),
('b4', '202102', 'ETP', 20),
('b4', '202102', 'KM', 311),
('b4', '202102', 'NUI', 12),
('b4', '202102', 'REP', 3),
('b4', '202103', 'ETP', 5),
('b4', '202103', 'KM', 435),
('b4', '202103', 'NUI', 6),
('b4', '202103', 'REP', 13),
('b4', '202104', 'ETP', 8),
('b4', '202104', 'KM', 903),
('b4', '202104', 'NUI', 3),
('b4', '202104', 'REP', 13),
('b4', '202105', 'ETP', 16),
('b4', '202105', 'KM', 554),
('b4', '202105', 'NUI', 3),
('b4', '202105', 'REP', 5),
('b4', '202106', 'ETP', 2),
('b4', '202106', 'KM', 679),
('b4', '202106', 'NUI', 13),
('b4', '202106', 'REP', 19),
('b4', '202107', 'ETP', 11),
('b4', '202107', 'KM', 820),
('b4', '202107', 'NUI', 16),
('b4', '202107', 'REP', 19),
('b4', '202108', 'ETP', 16),
('b4', '202108', 'KM', 866),
('b4', '202108', 'NUI', 19),
('b4', '202108', 'REP', 16),
('b50', '202101', 'ETP', 16),
('b50', '202101', 'KM', 386),
('b50', '202101', 'NUI', 18),
('b50', '202101', 'REP', 7),
('b50', '202102', 'ETP', 14),
('b50', '202102', 'KM', 889),
('b50', '202102', 'NUI', 8),
('b50', '202102', 'REP', 13),
('b50', '202103', 'ETP', 17),
('b50', '202103', 'KM', 444),
('b50', '202103', 'NUI', 10),
('b50', '202103', 'REP', 17),
('b50', '202104', 'ETP', 19),
('b50', '202104', 'KM', 342),
('b50', '202104', 'NUI', 16),
('b50', '202104', 'REP', 12),
('b50', '202105', 'ETP', 6),
('b50', '202105', 'KM', 825),
('b50', '202105', 'NUI', 4),
('b50', '202105', 'REP', 17),
('b50', '202106', 'ETP', 11),
('b50', '202106', 'KM', 381),
('b50', '202106', 'NUI', 4),
('b50', '202106', 'REP', 6),
('b50', '202107', 'ETP', 18),
('b50', '202107', 'KM', 653),
('b50', '202107', 'NUI', 15),
('b50', '202107', 'REP', 19),
('b50', '202108', 'ETP', 3),
('b50', '202108', 'KM', 830),
('b50', '202108', 'NUI', 7),
('b50', '202108', 'REP', 10),
('b59', '202101', 'ETP', 12),
('b59', '202101', 'KM', 832),
('b59', '202101', 'NUI', 6),
('b59', '202101', 'REP', 4),
('b59', '202102', 'ETP', 8),
('b59', '202102', 'KM', 766),
('b59', '202102', 'NUI', 3),
('b59', '202102', 'REP', 4),
('b59', '202103', 'ETP', 9),
('b59', '202103', 'KM', 452),
('b59', '202103', 'NUI', 14),
('b59', '202103', 'REP', 3),
('b59', '202104', 'ETP', 10),
('b59', '202104', 'KM', 482),
('b59', '202104', 'NUI', 9),
('b59', '202104', 'REP', 10),
('b59', '202105', 'ETP', 15),
('b59', '202105', 'KM', 395),
('b59', '202105', 'NUI', 6),
('b59', '202105', 'REP', 9),
('b59', '202106', 'ETP', 19),
('b59', '202106', 'KM', 783),
('b59', '202106', 'NUI', 14),
('b59', '202106', 'REP', 11),
('b59', '202107', 'ETP', 6),
('b59', '202107', 'KM', 486),
('b59', '202107', 'NUI', 14),
('b59', '202107', 'REP', 18),
('b59', '202108', 'ETP', 9),
('b59', '202108', 'KM', 795),
('b59', '202108', 'NUI', 15),
('b59', '202108', 'REP', 4),
('c14', '202101', 'ETP', 11),
('c14', '202101', 'KM', 520),
('c14', '202101', 'NUI', 4),
('c14', '202101', 'REP', 18),
('c14', '202102', 'ETP', 5),
('c14', '202102', 'KM', 305),
('c14', '202102', 'NUI', 4),
('c14', '202102', 'REP', 11),
('c14', '202103', 'ETP', 14),
('c14', '202103', 'KM', 608),
('c14', '202103', 'NUI', 12),
('c14', '202103', 'REP', 19),
('c14', '202104', 'ETP', 5),
('c14', '202104', 'KM', 971),
('c14', '202104', 'NUI', 9),
('c14', '202104', 'REP', 4),
('c14', '202105', 'ETP', 9),
('c14', '202105', 'KM', 581),
('c14', '202105', 'NUI', 5),
('c14', '202105', 'REP', 16),
('c14', '202106', 'ETP', 12),
('c14', '202106', 'KM', 382),
('c14', '202106', 'NUI', 17),
('c14', '202106', 'REP', 19),
('c14', '202107', 'ETP', 9),
('c14', '202107', 'KM', 965),
('c14', '202107', 'NUI', 17),
('c14', '202107', 'REP', 4),
('c14', '202108', 'ETP', 4),
('c14', '202108', 'KM', 468),
('c14', '202108', 'NUI', 3),
('c14', '202108', 'REP', 12),
('c3', '202101', 'ETP', 17),
('c3', '202101', 'KM', 747),
('c3', '202101', 'NUI', 12),
('c3', '202101', 'REP', 18),
('c3', '202102', 'ETP', 10),
('c3', '202102', 'KM', 663),
('c3', '202102', 'NUI', 19),
('c3', '202102', 'REP', 6),
('c3', '202103', 'ETP', 18),
('c3', '202103', 'KM', 397),
('c3', '202103', 'NUI', 17),
('c3', '202103', 'REP', 8),
('c3', '202104', 'ETP', 7),
('c3', '202104', 'KM', 891),
('c3', '202104', 'NUI', 4),
('c3', '202104', 'REP', 6),
('c3', '202105', 'ETP', 10),
('c3', '202105', 'KM', 633),
('c3', '202105', 'NUI', 8),
('c3', '202105', 'REP', 12),
('c3', '202106', 'ETP', 12),
('c3', '202106', 'KM', 566),
('c3', '202106', 'NUI', 9),
('c3', '202106', 'REP', 9),
('c3', '202107', 'ETP', 8),
('c3', '202107', 'KM', 579),
('c3', '202107', 'NUI', 17),
('c3', '202107', 'REP', 7),
('c3', '202108', 'ETP', 2),
('c3', '202108', 'KM', 914),
('c3', '202108', 'NUI', 12),
('c3', '202108', 'REP', 10),
('c54', '202101', 'ETP', 4),
('c54', '202101', 'KM', 975),
('c54', '202101', 'NUI', 20),
('c54', '202101', 'REP', 19),
('c54', '202102', 'ETP', 14),
('c54', '202102', 'KM', 321),
('c54', '202102', 'NUI', 16),
('c54', '202102', 'REP', 20),
('c54', '202103', 'ETP', 2),
('c54', '202103', 'KM', 888),
('c54', '202103', 'NUI', 3),
('c54', '202103', 'REP', 16),
('c54', '202104', 'ETP', 9),
('c54', '202104', 'KM', 812),
('c54', '202104', 'NUI', 17),
('c54', '202104', 'REP', 8),
('c54', '202105', 'ETP', 11),
('c54', '202105', 'KM', 685),
('c54', '202105', 'NUI', 11),
('c54', '202105', 'REP', 8),
('c54', '202106', 'ETP', 12),
('c54', '202106', 'KM', 749),
('c54', '202106', 'NUI', 2),
('c54', '202106', 'REP', 18),
('c54', '202107', 'ETP', 7),
('c54', '202107', 'KM', 894),
('c54', '202107', 'NUI', 18),
('c54', '202107', 'REP', 11),
('c54', '202108', 'ETP', 19),
('c54', '202108', 'KM', 659),
('c54', '202108', 'NUI', 2),
('c54', '202108', 'REP', 7),
('d13', '202101', 'ETP', 9),
('d13', '202101', 'KM', 501),
('d13', '202101', 'NUI', 8),
('d13', '202101', 'REP', 20),
('d13', '202102', 'ETP', 19),
('d13', '202102', 'KM', 680),
('d13', '202102', 'NUI', 13),
('d13', '202102', 'REP', 15),
('d13', '202103', 'ETP', 6),
('d13', '202103', 'KM', 677),
('d13', '202103', 'NUI', 9),
('d13', '202103', 'REP', 5),
('d13', '202104', 'ETP', 11),
('d13', '202104', 'KM', 732),
('d13', '202104', 'NUI', 12),
('d13', '202104', 'REP', 10),
('d13', '202105', 'ETP', 12),
('d13', '202105', 'KM', 737),
('d13', '202105', 'NUI', 14),
('d13', '202105', 'REP', 4),
('d13', '202106', 'ETP', 12),
('d13', '202106', 'KM', 933),
('d13', '202106', 'NUI', 13),
('d13', '202106', 'REP', 8),
('d13', '202107', 'ETP', 6),
('d13', '202107', 'KM', 508),
('d13', '202107', 'NUI', 18),
('d13', '202107', 'REP', 14),
('d13', '202108', 'ETP', 16),
('d13', '202108', 'KM', 405),
('d13', '202108', 'NUI', 11),
('d13', '202108', 'REP', 4),
('d51', '202101', 'ETP', 15),
('d51', '202101', 'KM', 728),
('d51', '202101', 'NUI', 16),
('d51', '202101', 'REP', 2),
('d51', '202102', 'ETP', 5),
('d51', '202102', 'KM', 338),
('d51', '202102', 'NUI', 10),
('d51', '202102', 'REP', 10),
('d51', '202103', 'ETP', 9),
('d51', '202103', 'KM', 466),
('d51', '202103', 'NUI', 14),
('d51', '202103', 'REP', 13),
('d51', '202104', 'ETP', 14),
('d51', '202104', 'KM', 653),
('d51', '202104', 'NUI', 7),
('d51', '202104', 'REP', 12),
('d51', '202105', 'ETP', 13),
('d51', '202105', 'KM', 789),
('d51', '202105', 'NUI', 16),
('d51', '202105', 'REP', 19),
('d51', '202106', 'ETP', 12),
('d51', '202106', 'KM', 415),
('d51', '202106', 'NUI', 5),
('d51', '202106', 'REP', 17),
('d51', '202107', 'ETP', 4),
('d51', '202107', 'KM', 823),
('d51', '202107', 'NUI', 19),
('d51', '202107', 'REP', 17),
('d51', '202108', 'ETP', 14),
('d51', '202108', 'KM', 851),
('d51', '202108', 'NUI', 20),
('d51', '202108', 'REP', 20),
('e22', '202101', 'ETP', 2),
('e22', '202101', 'KM', 955),
('e22', '202101', 'NUI', 4),
('e22', '202101', 'REP', 3),
('e22', '202102', 'ETP', 9),
('e22', '202102', 'KM', 696),
('e22', '202102', 'NUI', 7),
('e22', '202102', 'REP', 5),
('e22', '202103', 'ETP', 13),
('e22', '202103', 'KM', 956),
('e22', '202103', 'NUI', 19),
('e22', '202103', 'REP', 2),
('e22', '202104', 'ETP', 16),
('e22', '202104', 'KM', 574),
('e22', '202104', 'NUI', 20),
('e22', '202104', 'REP', 14),
('e22', '202105', 'ETP', 14),
('e22', '202105', 'KM', 842),
('e22', '202105', 'NUI', 19),
('e22', '202105', 'REP', 15),
('e22', '202106', 'ETP', 12),
('e22', '202106', 'KM', 599),
('e22', '202106', 'NUI', 16),
('e22', '202106', 'REP', 7),
('e22', '202107', 'ETP', 3),
('e22', '202107', 'KM', 437),
('e22', '202107', 'NUI', 19),
('e22', '202107', 'REP', 20),
('e22', '202108', 'ETP', 11),
('e22', '202108', 'KM', 597),
('e22', '202108', 'NUI', 10),
('e22', '202108', 'REP', 18),
('e24', '202101', 'ETP', 8),
('e24', '202101', 'KM', 482),
('e24', '202101', 'NUI', 12),
('e24', '202101', 'REP', 3),
('e24', '202102', 'ETP', 14),
('e24', '202102', 'KM', 354),
('e24', '202102', 'NUI', 4),
('e24', '202102', 'REP', 19),
('e24', '202103', 'ETP', 16),
('e24', '202103', 'KM', 745),
('e24', '202103', 'NUI', 5),
('e24', '202103', 'REP', 10),
('e24', '202104', 'ETP', 18),
('e24', '202104', 'KM', 494),
('e24', '202104', 'NUI', 15),
('e24', '202104', 'REP', 16),
('e24', '202105', 'ETP', 16),
('e24', '202105', 'KM', 894),
('e24', '202105', 'NUI', 3),
('e24', '202105', 'REP', 12),
('e24', '202106', 'ETP', 12),
('e24', '202106', 'KM', 782),
('e24', '202106', 'NUI', 8),
('e24', '202106', 'REP', 17),
('e24', '202107', 'ETP', 2),
('e24', '202107', 'KM', 752),
('e24', '202107', 'NUI', 20),
('e24', '202107', 'REP', 4),
('e24', '202108', 'ETP', 9),
('e24', '202108', 'KM', 342),
('e24', '202108', 'NUI', 18),
('e24', '202108', 'REP', 15),
('e39', '202101', 'ETP', 14),
('e39', '202101', 'KM', 709),
('e39', '202101', 'NUI', 20),
('e39', '202101', 'REP', 4),
('e39', '202102', 'ETP', 19),
('e39', '202102', 'KM', 713),
('e39', '202102', 'NUI', 20),
('e39', '202102', 'REP', 14),
('e39', '202103', 'ETP', 19),
('e39', '202103', 'KM', 534),
('e39', '202103', 'NUI', 11),
('e39', '202103', 'REP', 18),
('e39', '202104', 'ETP', 2),
('e39', '202104', 'KM', 415),
('e39', '202104', 'NUI', 9),
('e39', '202104', 'REP', 18),
('e39', '202105', 'ETP', 17),
('e39', '202105', 'KM', 946),
('e39', '202105', 'NUI', 6),
('e39', '202105', 'REP', 8),
('e39', '202106', 'ETP', 12),
('e39', '202106', 'KM', 966),
('e39', '202106', 'NUI', 20),
('e39', '202106', 'REP', 7),
('e39', '202107', 'ETP', 20),
('e39', '202107', 'KM', 366),
('e39', '202107', 'NUI', 20),
('e39', '202107', 'REP', 8),
('e39', '202108', 'ETP', 6),
('e39', '202108', 'KM', 788),
('e39', '202108', 'NUI', 8),
('e39', '202108', 'REP', 12),
('e49', '202101', 'ETP', 20),
('e49', '202101', 'KM', 936),
('e49', '202101', 'NUI', 8),
('e49', '202101', 'REP', 5),
('e49', '202102', 'ETP', 4),
('e49', '202102', 'KM', 370),
('e49', '202102', 'NUI', 17),
('e49', '202102', 'REP', 8),
('e49', '202103', 'ETP', 4),
('e49', '202103', 'KM', 323),
('e49', '202103', 'NUI', 16),
('e49', '202103', 'REP', 7),
('e49', '202104', 'ETP', 4),
('e49', '202104', 'KM', 335),
('e49', '202104', 'NUI', 4),
('e49', '202104', 'REP', 20),
('e49', '202105', 'ETP', 18),
('e49', '202105', 'KM', 998),
('e49', '202105', 'NUI', 9),
('e49', '202105', 'REP', 4),
('e49', '202106', 'ETP', 12),
('e49', '202106', 'KM', 448),
('e49', '202106', 'NUI', 12),
('e49', '202106', 'REP', 16),
('e49', '202107', 'ETP', 18),
('e49', '202107', 'KM', 680),
('e49', '202107', 'NUI', 2),
('e49', '202107', 'REP', 11),
('e49', '202108', 'ETP', 4),
('e49', '202108', 'KM', 534),
('e49', '202108', 'NUI', 17),
('e49', '202108', 'REP', 9),
('e5', '202101', 'ETP', 7),
('e5', '202101', 'KM', 463),
('e5', '202101', 'NUI', 16),
('e5', '202101', 'REP', 6),
('e5', '202102', 'ETP', 9),
('e5', '202102', 'KM', 729),
('e5', '202102', 'NUI', 14),
('e5', '202102', 'REP', 3),
('e5', '202103', 'ETP', 7),
('e5', '202103', 'KM', 814),
('e5', '202103', 'NUI', 2),
('e5', '202103', 'REP', 14),
('e5', '202104', 'ETP', 6),
('e5', '202104', 'KM', 957),
('e5', '202104', 'NUI', 17),
('e5', '202104', 'REP', 3),
('e5', '202105', 'ETP', 19),
('e5', '202105', 'KM', 349),
('e5', '202105', 'NUI', 12),
('e5', '202105', 'REP', 19),
('e5', '202106', 'ETP', 12),
('e5', '202106', 'KM', 632),
('e5', '202106', 'NUI', 4),
('e5', '202106', 'REP', 6),
('e5', '202107', 'ETP', 17),
('e5', '202107', 'KM', 995),
('e5', '202107', 'NUI', 3),
('e5', '202107', 'REP', 14),
('e5', '202108', 'ETP', 20),
('e5', '202108', 'KM', 980),
('e5', '202108', 'NUI', 7),
('e5', '202108', 'REP', 7),
('e52', '202101', 'ETP', 12),
('e52', '202101', 'KM', 690),
('e52', '202101', 'NUI', 5),
('e52', '202101', 'REP', 7),
('e52', '202102', 'ETP', 14),
('e52', '202102', 'KM', 387),
('e52', '202102', 'NUI', 11),
('e52', '202102', 'REP', 17),
('e52', '202103', 'ETP', 11),
('e52', '202103', 'KM', 603),
('e52', '202103', 'NUI', 7),
('e52', '202103', 'REP', 3),
('e52', '202104', 'ETP', 9),
('e52', '202104', 'KM', 878),
('e52', '202104', 'NUI', 12),
('e52', '202104', 'REP', 5),
('e52', '202105', 'ETP', 20),
('e52', '202105', 'KM', 401),
('e52', '202105', 'NUI', 15),
('e52', '202105', 'REP', 15),
('e52', '202106', 'ETP', 12),
('e52', '202106', 'KM', 815),
('e52', '202106', 'NUI', 15),
('e52', '202106', 'REP', 15),
('e52', '202107', 'ETP', 16),
('e52', '202107', 'KM', 609),
('e52', '202107', 'NUI', 3),
('e52', '202107', 'REP', 17),
('e52', '202108', 'ETP', 18),
('e52', '202108', 'KM', 725),
('e52', '202108', 'NUI', 16),
('e52', '202108', 'REP', 4),
('f21', '202101', 'ETP', 18),
('f21', '202101', 'KM', 917),
('f21', '202101', 'NUI', 12),
('f21', '202101', 'REP', 8),
('f21', '202102', 'ETP', 18),
('f21', '202102', 'KM', 746),
('f21', '202102', 'NUI', 8),
('f21', '202102', 'REP', 12),
('f21', '202103', 'ETP', 14),
('f21', '202103', 'KM', 392),
('f21', '202103', 'NUI', 13),
('f21', '202103', 'REP', 11),
('f21', '202104', 'ETP', 11),
('f21', '202104', 'KM', 798),
('f21', '202104', 'NUI', 7),
('f21', '202104', 'REP', 7),
('f21', '202105', 'ETP', 2),
('f21', '202105', 'KM', 453),
('f21', '202105', 'NUI', 18),
('f21', '202105', 'REP', 11),
('f21', '202106', 'ETP', 11),
('f21', '202106', 'KM', 999),
('f21', '202106', 'NUI', 7),
('f21', '202106', 'REP', 5),
('f21', '202107', 'ETP', 15),
('f21', '202107', 'KM', 924),
('f21', '202107', 'NUI', 4),
('f21', '202107', 'REP', 20),
('f21', '202108', 'ETP', 16),
('f21', '202108', 'KM', 471),
('f21', '202108', 'NUI', 6),
('f21', '202108', 'REP', 20),
('f39', '202101', 'ETP', 5),
('f39', '202101', 'KM', 443),
('f39', '202101', 'NUI', 20),
('f39', '202101', 'REP', 8),
('f39', '202102', 'ETP', 4),
('f39', '202102', 'KM', 403),
('f39', '202102', 'NUI', 5),
('f39', '202102', 'REP', 7),
('f39', '202103', 'ETP', 18),
('f39', '202103', 'KM', 882),
('f39', '202103', 'NUI', 18),
('f39', '202103', 'REP', 19),
('f39', '202104', 'ETP', 13),
('f39', '202104', 'KM', 719),
('f39', '202104', 'NUI', 20),
('f39', '202104', 'REP', 9),
('f39', '202105', 'ETP', 3),
('f39', '202105', 'KM', 505),
('f39', '202105', 'NUI', 2),
('f39', '202105', 'REP', 7),
('f39', '202106', 'ETP', 11),
('f39', '202106', 'KM', 481),
('f39', '202106', 'NUI', 19),
('f39', '202106', 'REP', 14),
('f39', '202107', 'ETP', 13),
('f39', '202107', 'KM', 538),
('f39', '202107', 'NUI', 4),
('f39', '202107', 'REP', 5),
('f39', '202108', 'ETP', 13),
('f39', '202108', 'KM', 917),
('f39', '202108', 'NUI', 14),
('f39', '202108', 'REP', 17),
('f4', '202101', 'ETP', 11),
('f4', '202101', 'KM', 671),
('f4', '202101', 'NUI', 9),
('f4', '202101', 'REP', 9),
('f4', '202102', 'ETP', 9),
('f4', '202102', 'KM', 762),
('f4', '202102', 'NUI', 2),
('f4', '202102', 'REP', 2),
('f4', '202103', 'ETP', 2),
('f4', '202103', 'KM', 671),
('f4', '202103', 'NUI', 4),
('f4', '202103', 'REP', 8),
('f4', '202104', 'ETP', 15),
('f4', '202104', 'KM', 639),
('f4', '202104', 'NUI', 15),
('f4', '202104', 'REP', 11),
('f4', '202105', 'ETP', 4),
('f4', '202105', 'KM', 557),
('f4', '202105', 'NUI', 4),
('f4', '202105', 'REP', 3),
('f4', '202106', 'ETP', 11),
('f4', '202106', 'KM', 664),
('f4', '202106', 'NUI', 11),
('f4', '202106', 'REP', 4),
('f4', '202107', 'ETP', 12),
('f4', '202107', 'KM', 853),
('f4', '202107', 'NUI', 5),
('f4', '202107', 'REP', 8),
('f4', '202108', 'ETP', 11),
('f4', '202108', 'KM', 662),
('f4', '202108', 'NUI', 4),
('f4', '202108', 'REP', 15);

-- --------------------------------------------------------

--
-- Table structure for table `lignefraishorsforfait`
--

CREATE TABLE `lignefraishorsforfait` (
  `id` int(11) NOT NULL,
  `idVisiteur` char(4) NOT NULL,
  `mois` char(6) NOT NULL,
  `libelle` varchar(100) DEFAULT NULL,
  `date` date DEFAULT NULL,
  `montant` decimal(10,2) DEFAULT NULL
) ENGINE=InnoDB DEFAULT CHARSET=latin1;

--
-- Dumping data for table `lignefraishorsforfait`
--

INSERT INTO `lignefraishorsforfait` (`id`, `idVisiteur`, `mois`, `libelle`, `date`, `montant`) VALUES
(128, 'a131', '202101', 'taxi', '2021-01-08', '44.00'),
(130, 'a131', '202102', 'rémunération intervenant/spécialiste', '2021-02-15', '884.00'),
(132, 'a131', '202102', 'rémunération intervenant/spécialiste', '2021-02-24', '883.00'),
(134, 'a131', '202102', 'repas avec praticien', '2021-02-04', '32.00'),
(136, 'a131', '202102', 'achat de matériel de papèterie', '2021-02-04', '38.00'),
(138, 'a131', '202102', 'rémunération intervenant/spécialiste', '2021-02-23', '570.00'),
(140, 'a131', '202103', 'location salle conférence', '2021-03-06', '432.00'),
(142, 'a131', '202104', 'frais vestimentaire/représentation', '2021-04-07', '295.00'),
(144, 'a131', '202104', 'rémunération intervenant/spécialiste', '2021-04-20', '580.00'),
(145, 'a131', '202101', 'location véhicule', '2021-01-23', '57.00'),
(146, 'a131', '202105', 'traiteur, alimentation, boisson', '2021-05-14', '123.00'),
(147, 'a131', '202101', 'traiteur, alimentation, boisson', '2021-01-21', '256.00'),
(148, 'a131', '202105', 'achat de matériel de papèterie', '2021-05-20', '27.00'),
(149, 'a131', '202102', 'location véhicule', '2021-02-03', '129.00'),
(150, 'a131', '202105', 'taxi', '2021-05-04', '33.00'),
(151, 'a131', '202102', 'rémunération intervenant/spécialiste', '2021-02-10', '866.00'),
(152, 'a131', '202105', 'taxi', '2021-05-27', '30.00'),
(153, 'a131', '202102', 'rémunération intervenant/spécialiste', '2021-02-06', '1199.00'),
(154, 'a131', '202106', 'traiteur, alimentation, boisson', '2021-06-24', '405.00'),
(155, 'a131', '202102', 'rémunération intervenant/spécialiste', '2021-02-16', '720.00'),
(156, 'a131', '202106', 'location salle conférence', '2021-06-16', '483.00'),
(157, 'a131', '202102', 'taxi', '2021-02-27', '57.00'),
(158, 'a131', '202107', 'traiteur, alimentation, boisson', '2021-07-22', '268.00'),
(159, 'a131', '202102', 'location salle conférence', '2021-02-27', '622.00'),
(160, 'a131', '202107', 'location véhicule', '2021-07-19', '105.00'),
(161, 'a131', '202103', 'taxi', '2021-03-03', '25.00'),
(162, 'a131', '202107', 'traiteur, alimentation, boisson', '2021-07-01', '413.00'),
(163, 'a131', '202104', 'repas avec praticien', '2021-04-23', '48.00'),
(164, 'a131', '202107', 'frais vestimentaire/représentation', '2021-07-13', '301.00'),
(165, 'a131', '202105', 'location salle conférence', '2021-05-15', '132.00'),
(166, 'a131', '202108', 'location véhicule', '2021-08-19', '35.00'),
(167, 'a131', '202105', 'achat de matériel de papèterie', '2021-05-21', '30.00'),
(169, 'a131', '202105', 'repas avec praticien', '2021-05-25', '37.00'),
(171, 'a131', '202106', 'rémunération intervenant/spécialiste', '2021-06-18', '808.00'),
(173, 'a131', '202106', 'location salle conférence', '2021-06-17', '233.00'),
(175, 'a131', '202107', 'repas avec praticien', '2021-07-23', '50.00'),
(177, 'a131', '202107', 'location salle conférence', '2021-07-16', '183.00'),
(179, 'a131', '202107', 'location salle conférence', '2021-07-25', '272.00'),
(181, 'a131', '202107', 'location salle conférence', '2021-07-14', '328.00'),
(183, 'a131', '202108', 'Voyage SNCF', '2021-08-21', '82.00'),
(298, 'a17', '202101', 'Voyage SNCF', '2021-01-14', '109.00'),
(300, 'a17', '202101', 'taxi', '2021-01-07', '24.00'),
(302, 'a17', '202102', 'location véhicule', '2021-02-06', '124.00'),
(304, 'a17', '202102', 'taxi', '2021-02-05', '23.00'),
(306, 'a17', '202103', 'location salle conférence', '2021-03-16', '377.00'),
(308, 'a17', '202103', 'taxi', '2021-03-07', '32.00'),
(310, 'a17', '202103', 'rémunération intervenant/spécialiste', '2021-03-19', '678.00'),
(312, 'a17', '202104', 'achat de matériel de papèterie', '2021-04-06', '28.00'),
(314, 'a17', '202104', 'traiteur, alimentation, boisson', '2021-04-02', '170.00'),
(316, 'a17', '202104', 'location équipement vidéo/sonore', '2021-04-25', '726.00'),
(318, 'a17', '202104', 'traiteur, alimentation, boisson', '2021-04-23', '409.00'),
(320, 'a17', '202104', 'frais vestimentaire/représentation', '2021-04-15', '28.00'),
(322, 'a17', '202104', 'repas avec praticien', '2021-04-15', '37.00'),
(324, 'a17', '202105', 'rémunération intervenant/spécialiste', '2021-05-02', '484.00'),
(326, 'a17', '202106', 'traiteur, alimentation, boisson', '2021-06-28', '429.00'),
(328, 'a17', '202106', 'location véhicule', '2021-06-08', '392.00'),
(330, 'a17', '202106', 'rémunération intervenant/spécialiste', '2021-06-01', '679.00'),
(332, 'a17', '202107', 'location véhicule', '2021-07-27', '178.00'),
(334, 'a17', '202107', 'location équipement vidéo/sonore', '2021-07-28', '192.00'),
(336, 'a17', '202107', 'taxi', '2021-07-20', '62.00'),
(338, 'a17', '202108', 'rémunération intervenant/spécialiste', '2021-08-10', '837.00'),
(351, 'a17', '202101', 'repas avec praticien', '2021-01-25', '35.00'),
(353, 'a17', '202101', 'location salle conférence', '2021-01-26', '376.00'),
(355, 'a17', '202101', 'location véhicule', '2021-01-17', '237.00'),
(357, 'a17', '202102', 'repas avec praticien', '2021-02-21', '34.00'),
(359, 'a17', '202102', 'location équipement vidéo/sonore', '2021-02-23', '454.00'),
(361, 'a17', '202103', 'frais vestimentaire/représentation', '2021-03-01', '205.00'),
(363, 'a17', '202104', 'taxi', '2021-04-23', '27.00'),
(365, 'a17', '202105', 'location véhicule', '2021-05-06', '41.00'),
(367, 'a17', '202105', 'repas avec praticien', '2021-05-04', '46.00'),
(369, 'a17', '202105', 'location équipement vidéo/sonore', '2021-05-08', '771.00'),
(371, 'a17', '202105', 'location véhicule', '2021-05-13', '343.00'),
(373, 'a17', '202105', 'achat de matériel de papèterie', '2021-05-17', '21.00'),
(375, 'a17', '202106', 'location véhicule', '2021-06-13', '342.00'),
(377, 'a17', '202106', 'frais vestimentaire/représentation', '2021-06-08', '95.00'),
(379, 'a17', '202106', 'location véhicule', '2021-06-12', '429.00'),
(381, 'a17', '202107', 'repas avec praticien', '2021-07-14', '40.00'),
(383, 'a17', '202107', 'location véhicule', '2021-07-09', '235.00'),
(385, 'a17', '202107', 'rémunération intervenant/spécialiste', '2021-07-09', '649.00'),
(387, 'a17', '202108', 'location véhicule', '2021-08-03', '400.00'),
(389, 'a17', '202108', 'taxi', '2021-08-21', '46.00'),
(391, 'a17', '202108', 'frais vestimentaire/représentation', '2021-08-04', '129.00'),
(393, 'a17', '202108', 'frais vestimentaire/représentation', '2021-08-13', '230.00'),
(507, 'a55', '202102', 'location véhicule', '2021-02-06', '55.00'),
(510, 'a55', '202103', 'frais vestimentaire/représentation', '2021-03-21', '146.00'),
(512, 'a55', '202103', 'traiteur, alimentation, boisson', '2021-03-01', '129.00'),
(514, 'a55', '202104', 'repas avec praticien', '2021-04-07', '45.00'),
(516, 'a55', '202104', 'location véhicule', '2021-04-16', '96.00'),
(518, 'a55', '202104', 'achat de matériel de papèterie', '2021-04-26', '37.00'),
(520, 'a55', '202105', 'repas avec praticien', '2021-05-12', '39.00'),
(522, 'a55', '202105', 'rémunération intervenant/spécialiste', '2021-05-22', '571.00'),
(524, 'a55', '202105', 'Voyage SNCF', '2021-05-11', '43.00'),
(526, 'a55', '202105', 'rémunération intervenant/spécialiste', '2021-05-02', '706.00'),
(528, 'a55', '202105', 'rémunération intervenant/spécialiste', '2021-05-16', '1099.00'),
(530, 'a55', '202106', 'location salle conférence', '2021-06-18', '443.00'),
(532, 'a55', '202106', 'location équipement vidéo/sonore', '2021-06-16', '123.00'),
(534, 'a55', '202106', 'repas avec praticien', '2021-06-22', '30.00'),
(536, 'a55', '202106', 'frais vestimentaire/représentation', '2021-06-18', '293.00'),
(538, 'a55', '202106', 'achat de matériel de papèterie', '2021-06-21', '31.00'),
(540, 'a55', '202106', 'repas avec praticien', '2021-06-14', '36.00'),
(542, 'a55', '202107', 'location salle conférence', '2021-07-22', '596.00'),
(543, 'a55', '202108', 'achat de matériel de papèterie', '2021-08-21', '38.00'),
(545, 'a55', '202108', 'location salle conférence', '2021-08-06', '520.00'),
(547, 'a55', '202108', 'location véhicule', '2021-08-04', '57.00'),
(549, 'a55', '202108', 'location salle conférence', '2021-08-22', '490.00'),
(551, 'a55', '202108', 'traiteur, alimentation, boisson', '2021-08-10', '342.00'),
(553, 'a55', '202108', 'rémunération intervenant/spécialiste', '2021-08-07', '1163.00'),
(576, 'a55', '202101', 'location salle conférence', '2021-01-14', '504.00'),
(577, 'a55', '202101', 'repas avec praticien', '2021-01-11', '30.00'),
(579, 'a55', '202101', 'Voyage SNCF', '2021-01-17', '84.00'),
(581, 'a55', '202102', 'location équipement vidéo/sonore', '2021-02-11', '464.00'),
(583, 'a55', '202102', 'achat de matériel de papèterie', '2021-02-10', '13.00'),
(585, 'a55', '202102', 'taxi', '2021-02-26', '28.00'),
(587, 'a55', '202102', 'location équipement vidéo/sonore', '2021-02-11', '412.00'),
(589, 'a55', '202102', 'location salle conférence', '2021-02-25', '608.00'),
(591, 'a55', '202102', 'location équipement vidéo/sonore', '2021-02-16', '147.00'),
(593, 'a55', '202103', 'location véhicule', '2021-03-26', '52.00'),
(595, 'a55', '202103', 'location salle conférence', '2021-03-28', '408.00'),
(597, 'a55', '202103', 'rémunération intervenant/spécialiste', '2021-03-10', '869.00'),
(599, 'a55', '202103', 'location véhicule', '2021-03-15', '70.00'),
(601, 'a55', '202103', 'achat de matériel de papèterie', '2021-03-25', '26.00'),
(603, 'a55', '202104', 'frais vestimentaire/représentation', '2021-04-04', '201.00'),
(605, 'a55', '202104', 'location véhicule', '2021-04-08', '336.00'),
(607, 'a55', '202105', 'repas avec praticien', '2021-05-01', '40.00'),
(609, 'a55', '202106', 'location salle conférence', '2021-06-06', '431.00'),
(611, 'a55', '202106', 'location équipement vidéo/sonore', '2021-06-25', '275.00'),
(613, 'a55', '202106', 'location équipement vidéo/sonore', '2021-06-07', '371.00'),
(615, 'a55', '202106', 'rémunération intervenant/spécialiste', '2021-06-20', '388.00'),
(617, 'a55', '202106', 'traiteur, alimentation, boisson', '2021-06-10', '371.00'),
(619, 'a55', '202106', 'location salle conférence', '2021-06-20', '193.00'),
(621, 'a55', '202107', 'Voyage SNCF', '2021-07-03', '147.00'),
(623, 'a55', '202107', 'traiteur, alimentation, boisson', '2021-07-24', '321.00'),
(625, 'a55', '202107', 'location salle conférence', '2021-07-28', '124.00'),
(627, 'a55', '202107', 'frais vestimentaire/représentation', '2021-07-04', '229.00'),
(629, 'a55', '202107', 'repas avec praticien', '2021-07-18', '32.00'),
(631, 'a55', '202108', 'location véhicule', '2021-08-20', '204.00'),
(633, 'a55', '202108', 'location véhicule', '2021-08-19', '77.00'),
(635, 'a55', '202108', 'repas avec praticien', '2021-08-25', '47.00'),
(703, 'a93', '202101', 'traiteur, alimentation, boisson', '2021-01-08', '431.00'),
(705, 'a93', '202101', 'rémunération intervenant/spécialiste', '2021-01-06', '753.00'),
(707, 'a93', '202102', 'location véhicule', '2021-02-04', '299.00'),
(709, 'a93', '202102', 'location salle conférence', '2021-02-01', '335.00'),
(711, 'a93', '202102', 'frais vestimentaire/représentation', '2021-02-08', '379.00'),
(713, 'a93', '202102', 'taxi', '2021-02-14', '39.00'),
(715, 'a93', '202102', 'location véhicule', '2021-02-16', '196.00'),
(717, 'a93', '202104', 'traiteur, alimentation, boisson', '2021-04-28', '315.00'),
(719, 'a93', '202104', 'location véhicule', '2021-04-04', '257.00'),
(721, 'a93', '202104', 'location véhicule', '2021-04-26', '294.00'),
(723, 'a93', '202104', 'taxi', '2021-04-22', '60.00'),
(725, 'a93', '202104', 'repas avec praticien', '2021-04-13', '37.00'),
(727, 'a93', '202104', 'traiteur, alimentation, boisson', '2021-04-16', '347.00'),
(729, 'a93', '202105', 'rémunération intervenant/spécialiste', '2021-05-09', '680.00'),
(731, 'a93', '202105', 'frais vestimentaire/représentation', '2021-05-27', '208.00'),
(733, 'a93', '202105', 'traiteur, alimentation, boisson', '2021-05-13', '153.00'),
(735, 'a93', '202105', 'traiteur, alimentation, boisson', '2021-05-02', '355.00'),
(737, 'a93', '202105', 'frais vestimentaire/représentation', '2021-05-26', '124.00'),
(739, 'a93', '202105', 'location équipement vidéo/sonore', '2021-05-06', '650.00'),
(741, 'a93', '202106', 'traiteur, alimentation, boisson', '2021-06-10', '427.00'),
(743, 'a93', '202106', 'location salle conférence', '2021-06-10', '142.00'),
(745, 'a93', '202106', 'repas avec praticien', '2021-06-08', '33.00'),
(747, 'a93', '202107', 'repas avec praticien', '2021-07-24', '45.00'),
(749, 'a93', '202108', 'location équipement vidéo/sonore', '2021-08-24', '554.00'),
(751, 'a93', '202108', 'achat de matériel de papèterie', '2021-08-20', '13.00'),
(753, 'a93', '202108', 'location véhicule', '2021-08-09', '207.00'),
(755, 'a93', '202108', 'Voyage SNCF', '2021-08-27', '36.00'),
(757, 'a93', '202108', 'taxi', '2021-08-27', '22.00'),
(759, 'a93', '202108', 'location salle conférence', '2021-08-20', '246.00'),
(814, 'a93', '202101', 'achat de matériel de papèterie', '2021-01-23', '12.00'),
(816, 'a93', '202102', 'rémunération intervenant/spécialiste', '2021-02-22', '794.00'),
(818, 'a93', '202102', 'frais vestimentaire/représentation', '2021-02-09', '207.00'),
(820, 'a93', '202102', 'taxi', '2021-02-23', '55.00'),
(822, 'a93', '202102', 'location salle conférence', '2021-02-18', '338.00'),
(824, 'a93', '202102', 'location équipement vidéo/sonore', '2021-02-28', '366.00'),
(826, 'a93', '202102', 'location salle conférence', '2021-02-10', '602.00'),
(828, 'a93', '202103', 'location véhicule', '2021-03-26', '52.00'),
(830, 'a93', '202103', 'location équipement vidéo/sonore', '2021-03-22', '284.00'),
(832, 'a93', '202104', 'frais vestimentaire/représentation', '2021-04-27', '209.00'),
(834, 'a93', '202104', 'location équipement vidéo/sonore', '2021-04-22', '407.00'),
(836, 'a93', '202105', 'rémunération intervenant/spécialiste', '2021-05-03', '606.00'),
(838, 'a93', '202106', 'traiteur, alimentation, boisson', '2021-06-21', '269.00'),
(840, 'a93', '202106', 'rémunération intervenant/spécialiste', '2021-06-07', '814.00'),
(841, 'a93', '202107', 'Voyage SNCF', '2021-07-02', '59.00'),
(843, 'a93', '202107', 'frais vestimentaire/représentation', '2021-07-19', '122.00'),
(845, 'a93', '202107', 'taxi', '2021-07-21', '60.00'),
(847, 'a93', '202107', 'location salle conférence', '2021-07-03', '419.00'),
(850, 'a93', '202108', 'traiteur, alimentation, boisson', '2021-08-03', '112.00'),
(851, 'a93', '202108', 'traiteur, alimentation, boisson', '2021-08-25', '376.00'),
(853, 'a93', '202108', 'frais vestimentaire/représentation', '2021-08-06', '170.00'),
(855, 'a93', '202108', 'location véhicule', '2021-08-23', '270.00'),
(924, 'b13', '202101', 'location salle conférence', '2021-01-10', '176.00'),
(926, 'b13', '202102', 'Voyage SNCF', '2021-02-15', '105.00'),
(928, 'b13', '202102', 'frais vestimentaire/représentation', '2021-02-14', '312.00'),
(930, 'b13', '202103', 'Voyage SNCF', '2021-03-19', '112.00'),
(932, 'b13', '202103', 'taxi', '2021-03-25', '65.00'),
(934, 'b13', '202103', 'traiteur, alimentation, boisson', '2021-03-23', '224.00'),
(936, 'b13', '202103', 'achat de matériel de papèterie', '2021-03-07', '22.00'),
(938, 'b13', '202103', 'location salle conférence', '2021-03-07', '554.00'),
(940, 'b13', '202103', 'traiteur, alimentation, boisson', '2021-03-21', '341.00'),
(942, 'b13', '202104', 'taxi', '2021-04-06', '55.00'),
(944, 'b13', '202104', 'repas avec praticien', '2021-04-04', '33.00'),
(946, 'b13', '202105', 'Voyage SNCF', '2021-05-03', '34.00'),
(948, 'b13', '202106', 'frais vestimentaire/représentation', '2021-06-20', '404.00'),
(950, 'b13', '202106', 'achat de matériel de papèterie', '2021-06-10', '28.00'),
(952, 'b13', '202106', 'traiteur, alimentation, boisson', '2021-06-15', '179.00'),
(954, 'b13', '202106', 'Voyage SNCF', '2021-06-12', '50.00'),
(956, 'b13', '202106', 'repas avec praticien', '2021-06-28', '49.00'),
(958, 'b13', '202107', 'traiteur, alimentation, boisson', '2021-07-10', '343.00'),
(960, 'b13', '202107', 'location véhicule', '2021-07-16', '54.00'),
(962, 'b13', '202107', 'frais vestimentaire/représentation', '2021-07-27', '180.00'),
(964, 'b13', '202107', 'location salle conférence', '2021-07-03', '615.00'),
(966, 'b13', '202108', 'frais vestimentaire/représentation', '2021-08-09', '79.00'),
(968, 'b13', '202108', 'taxi', '2021-08-20', '32.00'),
(971, 'b13', '202101', 'achat de matériel de papèterie', '2021-01-14', '35.00'),
(973, 'b13', '202101', 'traiteur, alimentation, boisson', '2021-01-20', '214.00'),
(975, 'b13', '202101', 'Voyage SNCF', '2021-01-23', '146.00'),
(977, 'b13', '202101', 'taxi', '2021-01-20', '64.00'),
(979, 'b13', '202102', 'location véhicule', '2021-02-08', '222.00'),
(981, 'b13', '202102', 'traiteur, alimentation, boisson', '2021-02-16', '447.00'),
(983, 'b13', '202102', 'rémunération intervenant/spécialiste', '2021-02-06', '946.00'),
(985, 'b13', '202102', 'location salle conférence', '2021-02-09', '302.00'),
(987, 'b13', '202102', 'rémunération intervenant/spécialiste', '2021-02-08', '939.00'),
(989, 'b13', '202103', 'taxi', '2021-03-26', '79.00'),
(991, 'b13', '202103', 'rémunération intervenant/spécialiste', '2021-03-28', '330.00'),
(993, 'b13', '202103', 'taxi', '2021-03-25', '26.00'),
(995, 'b13', '202103', 'repas avec praticien', '2021-03-12', '44.00'),
(997, 'b13', '202103', 'location véhicule', '2021-03-09', '51.00'),
(999, 'b13', '202103', 'repas avec praticien', '2021-03-10', '47.00'),
(1001, 'b13', '202104', 'taxi', '2021-04-24', '55.00'),
(1003, 'b13', '202104', 'traiteur, alimentation, boisson', '2021-04-03', '27.00'),
(1005, 'b13', '202105', 'location équipement vidéo/sonore', '2021-05-11', '688.00'),
(1007, 'b13', '202105', 'traiteur, alimentation, boisson', '2021-05-01', '257.00'),
(1009, 'b13', '202105', 'Voyage SNCF', '2021-05-24', '81.00'),
(1011, 'b13', '202105', 'rémunération intervenant/spécialiste', '2021-05-28', '396.00'),
(1013, 'b13', '202105', 'frais vestimentaire/représentation', '2021-05-11', '148.00'),
(1015, 'b13', '202106', 'location équipement vidéo/sonore', '2021-06-21', '661.00'),
(1017, 'b13', '202106', 'traiteur, alimentation, boisson', '2021-06-16', '277.00'),
(1019, 'b13', '202107', 'location équipement vidéo/sonore', '2021-07-06', '352.00'),
(1021, 'b13', '202107', 'Voyage SNCF', '2021-07-24', '57.00'),
(1023, 'b13', '202107', 'achat de matériel de papèterie', '2021-07-06', '17.00'),
(1025, 'b13', '202107', 'location véhicule', '2021-07-01', '232.00'),
(1027, 'b13', '202108', 'rémunération intervenant/spécialiste', '2021-08-03', '321.00'),
(1029, 'b13', '202108', 'traiteur, alimentation, boisson', '2021-08-07', '417.00'),
(1031, 'b13', '202108', 'location équipement vidéo/sonore', '2021-08-26', '623.00'),
(1033, 'b13', '202108', 'location véhicule', '2021-08-21', '60.00'),
(1103, 'b16', '202101', 'location équipement vidéo/sonore', '2021-01-05', '153.00'),
(1105, 'b16', '202101', 'repas avec praticien', '2021-01-04', '40.00'),
(1107, 'b16', '202101', 'traiteur, alimentation, boisson', '2021-01-21', '412.00'),
(1109, 'b16', '202101', 'location salle conférence', '2021-01-24', '167.00'),
(1111, 'b16', '202102', 'location salle conférence', '2021-02-02', '493.00'),
(1113, 'b16', '202102', 'rémunération intervenant/spécialiste', '2021-02-02', '358.00'),
(1115, 'b16', '202102', 'taxi', '2021-02-27', '61.00'),
(1117, 'b16', '202102', 'taxi', '2021-02-16', '57.00'),
(1119, 'b16', '202102', 'frais vestimentaire/représentation', '2021-02-26', '351.00'),
(1121, 'b16', '202102', 'rémunération intervenant/spécialiste', '2021-02-24', '725.00'),
(1123, 'b16', '202103', 'frais vestimentaire/représentation', '2021-03-01', '291.00'),
(1125, 'b16', '202103', 'rémunération intervenant/spécialiste', '2021-03-22', '920.00'),
(1127, 'b16', '202103', 'location salle conférence', '2021-03-21', '137.00'),
(1129, 'b16', '202104', 'Voyage SNCF', '2021-04-12', '54.00'),
(1131, 'b16', '202104', 'traiteur, alimentation, boisson', '2021-04-11', '269.00'),
(1133, 'b16', '202104', 'traiteur, alimentation, boisson', '2021-04-03', '282.00'),
(1135, 'b16', '202104', 'achat de matériel de papèterie', '2021-04-08', '17.00'),
(1136, 'b16', '202104', 'location salle conférence', '2021-04-20', '334.00'),
(1138, 'b16', '202105', 'traiteur, alimentation, boisson', '2021-05-04', '408.00'),
(1141, 'b16', '202105', 'Voyage SNCF', '2021-05-07', '36.00'),
(1143, 'b16', '202105', 'achat de matériel de papèterie', '2021-05-09', '22.00'),
(1145, 'b16', '202105', 'Voyage SNCF', '2021-05-04', '33.00'),
(1147, 'b16', '202106', 'location équipement vidéo/sonore', '2021-06-15', '829.00'),
(1149, 'b16', '202106', 'taxi', '2021-06-02', '72.00'),
(1151, 'b16', '202106', 'Voyage SNCF', '2021-06-10', '103.00'),
(1153, 'b16', '202106', 'location équipement vidéo/sonore', '2021-06-11', '410.00'),
(1155, 'b16', '202107', 'Voyage SNCF', '2021-07-23', '70.00'),
(1157, 'b16', '202107', 'location salle conférence', '2021-07-24', '309.00'),
(1159, 'b16', '202107', 'traiteur, alimentation, boisson', '2021-07-21', '141.00'),
(1161, 'b16', '202107', 'repas avec praticien', '2021-07-26', '49.00'),
(1163, 'b16', '202108', 'traiteur, alimentation, boisson', '2021-08-19', '257.00'),
(1165, 'b16', '202108', 'location salle conférence', '2021-08-20', '353.00'),
(1167, 'b16', '202108', 'location salle conférence', '2021-08-09', '232.00'),
(1168, 'b16', '202101', 'location véhicule', '2021-01-10', '347.00'),
(1169, 'b16', '202108', 'repas avec praticien', '2021-08-11', '41.00'),
(1170, 'b16', '202102', 'location équipement vidéo/sonore', '2021-02-06', '451.00'),
(1172, 'b16', '202102', 'traiteur, alimentation, boisson', '2021-02-14', '81.00'),
(1174, 'b16', '202103', 'frais vestimentaire/représentation', '2021-03-21', '61.00'),
(1176, 'b16', '202103', 'taxi', '2021-03-20', '72.00'),
(1178, 'b16', '202103', 'location salle conférence', '2021-03-06', '449.00'),
(1180, 'b16', '202103', 'location salle conférence', '2021-03-20', '370.00'),
(1183, 'b16', '202103', 'rémunération intervenant/spécialiste', '2021-03-11', '961.00'),
(1185, 'b16', '202103', 'traiteur, alimentation, boisson', '2021-03-12', '282.00'),
(1187, 'b16', '202104', 'location équipement vidéo/sonore', '2021-04-22', '556.00'),
(1189, 'b16', '202105', 'location salle conférence', '2021-05-20', '617.00'),
(1191, 'b16', '202106', 'repas avec praticien', '2021-06-15', '36.00'),
(1193, 'b16', '202106', 'taxi', '2021-06-27', '71.00'),
(1195, 'b16', '202107', 'location véhicule', '2021-07-16', '180.00'),
(1197, 'b16', '202108', 'rémunération intervenant/spécialiste', '2021-08-11', '925.00'),
(1199, 'b16', '202108', 'achat de matériel de papèterie', '2021-08-02', '15.00'),
(1201, 'b16', '202108', 'location équipement vidéo/sonore', '2021-08-03', '107.00'),
(1203, 'b16', '202108', 'achat de matériel de papèterie', '2021-08-21', '13.00'),
(1337, 'b19', '202101', 'location salle conférence', '2021-01-22', '208.00'),
(1339, 'b19', '202101', 'location salle conférence', '2021-01-08', '323.00'),
(1341, 'b19', '202102', 'achat de matériel de papèterie', '2021-02-24', '40.00'),
(1343, 'b19', '202102', 'Voyage SNCF', '2021-02-01', '119.00'),
(1345, 'b19', '202102', 'frais vestimentaire/représentation', '2021-02-28', '93.00'),
(1347, 'b19', '202102', 'achat de matériel de papèterie', '2021-02-15', '21.00'),
(1349, 'b19', '202102', 'taxi', '2021-02-24', '59.00'),
(1351, 'b19', '202103', 'location salle conférence', '2021-03-07', '358.00'),
(1353, 'b19', '202103', 'traiteur, alimentation, boisson', '2021-03-01', '328.00'),
(1355, 'b19', '202103', 'traiteur, alimentation, boisson', '2021-03-03', '140.00'),
(1357, 'b19', '202103', 'location véhicule', '2021-03-01', '403.00'),
(1358, 'b19', '202101', 'repas avec praticien', '2021-01-28', '30.00'),
(1359, 'b19', '202104', 'frais vestimentaire/représentation', '2021-04-22', '287.00'),
(1360, 'b19', '202101', 'achat de matériel de papèterie', '2021-01-25', '25.00'),
(1361, 'b19', '202104', 'frais vestimentaire/représentation', '2021-04-28', '248.00'),
(1362, 'b19', '202102', 'repas avec praticien', '2021-02-22', '41.00'),
(1363, 'b19', '202104', 'location équipement vidéo/sonore', '2021-04-16', '173.00'),
(1364, 'b19', '202103', 'location salle conférence', '2021-03-02', '263.00'),
(1365, 'b19', '202105', 'location équipement vidéo/sonore', '2021-05-11', '613.00'),
(1366, 'b19', '202103', 'frais vestimentaire/représentation', '2021-03-22', '202.00'),
(1367, 'b19', '202106', 'location équipement vidéo/sonore', '2021-06-23', '781.00'),
(1368, 'b19', '202103', 'traiteur, alimentation, boisson', '2021-03-19', '87.00'),
(1369, 'b19', '202107', 'frais vestimentaire/représentation', '2021-07-19', '292.00'),
(1370, 'b19', '202103', 'rémunération intervenant/spécialiste', '2021-03-01', '898.00'),
(1371, 'b19', '202108', 'achat de matériel de papèterie', '2021-08-03', '17.00'),
(1372, 'b19', '202108', 'rémunération intervenant/spécialiste', '2021-08-04', '508.00'),
(1373, 'b19', '202103', 'taxi', '2021-03-07', '43.00'),
(1374, 'b19', '202108', 'repas avec praticien', '2021-08-11', '30.00'),
(1375, 'b19', '202103', 'Voyage SNCF', '2021-03-14', '114.00'),
(1377, 'b19', '202104', 'achat de matériel de papèterie', '2021-04-06', '17.00'),
(1379, 'b19', '202104', 'Voyage SNCF', '2021-04-08', '124.00'),
(1381, 'b19', '202104', 'taxi', '2021-04-28', '40.00'),
(1383, 'b19', '202104', 'repas avec praticien', '2021-04-01', '49.00'),
(1385, 'b19', '202105', 'achat de matériel de papèterie', '2021-05-25', '46.00'),
(1387, 'b19', '202105', 'rémunération intervenant/spécialiste', '2021-05-27', '1094.00'),
(1389, 'b19', '202105', 'repas avec praticien', '2021-05-25', '47.00'),
(1391, 'b19', '202106', 'taxi', '2021-06-07', '30.00'),
(1393, 'b19', '202106', 'traiteur, alimentation, boisson', '2021-06-01', '242.00'),
(1395, 'b19', '202106', 'location salle conférence', '2021-06-07', '378.00'),
(1397, 'b19', '202107', 'Voyage SNCF', '2021-07-01', '119.00'),
(1399, 'b19', '202107', 'taxi', '2021-07-13', '66.00'),
(1401, 'b19', '202108', 'rémunération intervenant/spécialiste', '2021-08-05', '535.00'),
(1529, 'b25', '202101', 'location salle conférence', '2021-01-13', '471.00'),
(1530, 'b25', '202101', 'location salle conférence', '2021-01-11', '210.00'),
(1531, 'b25', '202101', 'repas avec praticien', '2021-01-22', '31.00'),
(1532, 'b25', '202101', 'traiteur, alimentation, boisson', '2021-01-13', '238.00'),
(1533, 'b25', '202101', 'frais vestimentaire/représentation', '2021-01-16', '196.00'),
(1534, 'b25', '202102', 'achat de matériel de papèterie', '2021-02-03', '26.00'),
(1535, 'b25', '202101', 'traiteur, alimentation, boisson', '2021-01-25', '447.00'),
(1536, 'b25', '202102', 'rémunération intervenant/spécialiste', '2021-02-16', '687.00'),
(1537, 'b25', '202102', 'traiteur, alimentation, boisson', '2021-02-14', '450.00'),
(1538, 'b25', '202102', 'achat de matériel de papèterie', '2021-02-09', '37.00'),
(1539, 'b25', '202102', 'Voyage SNCF', '2021-02-08', '92.00'),
(1540, 'b25', '202102', 'frais vestimentaire/représentation', '2021-02-21', '133.00'),
(1541, 'b25', '202102', 'rémunération intervenant/spécialiste', '2021-02-17', '939.00'),
(1542, 'b25', '202102', 'repas avec praticien', '2021-02-14', '32.00'),
(1543, 'b25', '202102', 'rémunération intervenant/spécialiste', '2021-02-01', '644.00'),
(1544, 'b25', '202102', 'repas avec praticien', '2021-02-27', '41.00'),
(1545, 'b25', '202102', 'Voyage SNCF', '2021-02-06', '93.00'),
(1546, 'b25', '202103', 'taxi', '2021-03-19', '73.00'),
(1547, 'b25', '202103', 'Voyage SNCF', '2021-03-28', '112.00'),
(1548, 'b25', '202103', 'repas avec praticien', '2021-03-09', '39.00'),
(1549, 'b25', '202103', 'location équipement vidéo/sonore', '2021-03-14', '329.00'),
(1550, 'b25', '202104', 'rémunération intervenant/spécialiste', '2021-04-25', '374.00'),
(1551, 'b25', '202103', 'taxi', '2021-03-04', '78.00'),
(1552, 'b25', '202105', 'location équipement vidéo/sonore', '2021-05-15', '353.00'),
(1553, 'b25', '202103', 'location équipement vidéo/sonore', '2021-03-17', '771.00'),
(1554, 'b25', '202105', 'rémunération intervenant/spécialiste', '2021-05-18', '332.00'),
(1555, 'b25', '202104', 'location véhicule', '2021-04-23', '228.00'),
(1556, 'b25', '202105', 'taxi', '2021-05-12', '42.00'),
(1557, 'b25', '202104', 'achat de matériel de papèterie', '2021-04-27', '38.00'),
(1558, 'b25', '202105', 'location salle conférence', '2021-05-14', '345.00'),
(1559, 'b25', '202104', 'achat de matériel de papèterie', '2021-04-15', '22.00'),
(1560, 'b25', '202105', 'location salle conférence', '2021-05-15', '150.00'),
(1561, 'b25', '202104', 'location équipement vidéo/sonore', '2021-04-11', '687.00'),
(1562, 'b25', '202105', 'taxi', '2021-05-11', '46.00'),
(1563, 'b25', '202105', 'location véhicule', '2021-05-01', '132.00'),
(1564, 'b25', '202106', 'repas avec praticien', '2021-06-20', '31.00'),
(1565, 'b25', '202105', 'achat de matériel de papèterie', '2021-05-19', '39.00'),
(1566, 'b25', '202106', 'location équipement vidéo/sonore', '2021-06-19', '241.00'),
(1567, 'b25', '202106', 'repas avec praticien', '2021-06-18', '37.00'),
(1568, 'b25', '202106', 'location véhicule', '2021-06-05', '184.00'),
(1569, 'b25', '202106', 'Voyage SNCF', '2021-06-07', '81.00'),
(1570, 'b25', '202107', 'location équipement vidéo/sonore', '2021-07-26', '648.00'),
(1571, 'b25', '202106', 'taxi', '2021-06-01', '40.00'),
(1572, 'b25', '202107', 'Voyage SNCF', '2021-07-17', '68.00'),
(1573, 'b25', '202106', 'taxi', '2021-06-18', '20.00'),
(1574, 'b25', '202107', 'taxi', '2021-07-18', '57.00'),
(1575, 'b25', '202107', 'frais vestimentaire/représentation', '2021-07-17', '82.00'),
(1576, 'b25', '202107', 'rémunération intervenant/spécialiste', '2021-07-26', '1002.00'),
(1577, 'b25', '202107', 'location équipement vidéo/sonore', '2021-07-05', '302.00'),
(1578, 'b25', '202108', 'location véhicule', '2021-08-23', '213.00'),
(1579, 'b25', '202108', 'achat de matériel de papèterie', '2021-08-07', '37.00'),
(1580, 'b25', '202108', 'repas avec praticien', '2021-08-09', '46.00'),
(1581, 'b25', '202108', 'repas avec praticien', '2021-08-05', '33.00'),
(1583, 'b25', '202108', 'location véhicule', '2021-08-03', '201.00'),
(1585, 'b25', '202108', 'achat de matériel de papèterie', '2021-08-11', '17.00'),
(1587, 'b25', '202108', 'location véhicule', '2021-08-23', '297.00'),
(1589, 'b25', '202108', 'rémunération intervenant/spécialiste', '2021-08-03', '952.00'),
(1742, 'b28', '202101', 'traiteur, alimentation, boisson', '2021-01-09', '443.00'),
(1743, 'b28', '202101', 'location salle conférence', '2021-01-01', '424.00'),
(1744, 'b28', '202101', 'location équipement vidéo/sonore', '2021-01-18', '568.00'),
(1745, 'b28', '202101', 'location équipement vidéo/sonore', '2021-01-03', '159.00'),
(1746, 'b28', '202101', 'Voyage SNCF', '2021-01-28', '87.00'),
(1747, 'b28', '202101', 'location véhicule', '2021-01-06', '139.00'),
(1748, 'b28', '202102', 'location salle conférence', '2021-02-18', '267.00'),
(1749, 'b28', '202101', 'location véhicule', '2021-01-28', '149.00'),
(1750, 'b28', '202102', 'repas avec praticien', '2021-02-23', '31.00'),
(1751, 'b28', '202102', 'location équipement vidéo/sonore', '2021-02-13', '557.00'),
(1752, 'b28', '202102', 'taxi', '2021-02-24', '59.00'),
(1753, 'b28', '202102', 'rémunération intervenant/spécialiste', '2021-02-19', '1122.00'),
(1754, 'b28', '202103', 'repas avec praticien', '2021-03-21', '34.00'),
(1755, 'b28', '202102', 'traiteur, alimentation, boisson', '2021-02-02', '327.00'),
(1756, 'b28', '202104', 'location équipement vidéo/sonore', '2021-04-07', '147.00'),
(1757, 'b28', '202103', 'location véhicule', '2021-03-11', '261.00'),
(1758, 'b28', '202104', 'achat de matériel de papèterie', '2021-04-01', '38.00'),
(1759, 'b28', '202103', 'location véhicule', '2021-03-23', '142.00'),
(1760, 'b28', '202104', 'location salle conférence', '2021-04-03', '332.00'),
(1761, 'b28', '202103', 'traiteur, alimentation, boisson', '2021-03-08', '118.00'),
(1762, 'b28', '202104', 'taxi', '2021-04-14', '29.00'),
(1763, 'b28', '202103', 'traiteur, alimentation, boisson', '2021-03-19', '442.00'),
(1764, 'b28', '202104', 'location salle conférence', '2021-04-15', '574.00'),
(1765, 'b28', '202103', 'location véhicule', '2021-03-07', '209.00'),
(1766, 'b28', '202105', 'rémunération intervenant/spécialiste', '2021-05-11', '705.00'),
(1767, 'b28', '202104', 'location salle conférence', '2021-04-15', '379.00'),
(1768, 'b28', '202107', 'traiteur, alimentation, boisson', '2021-07-12', '84.00'),
(1769, 'b28', '202104', 'location équipement vidéo/sonore', '2021-04-10', '116.00'),
(1770, 'b28', '202107', 'rémunération intervenant/spécialiste', '2021-07-04', '287.00'),
(1771, 'b28', '202104', 'rémunération intervenant/spécialiste', '2021-04-03', '891.00'),
(1772, 'b28', '202107', 'location équipement vidéo/sonore', '2021-07-21', '712.00'),
(1773, 'b28', '202104', 'repas avec praticien', '2021-04-01', '45.00'),
(1774, 'b28', '202107', 'frais vestimentaire/représentation', '2021-07-07', '54.00'),
(1775, 'b28', '202107', 'taxi', '2021-07-15', '47.00'),
(1776, 'b28', '202105', 'taxi', '2021-05-07', '57.00'),
(1777, 'b28', '202107', 'location salle conférence', '2021-07-21', '509.00'),
(1778, 'b28', '202105', 'frais vestimentaire/représentation', '2021-05-12', '32.00'),
(1779, 'b28', '202108', 'location salle conférence', '2021-08-17', '517.00'),
(1780, 'b28', '202105', 'repas avec praticien', '2021-05-27', '34.00'),
(1782, 'b28', '202105', 'location véhicule', '2021-05-24', '439.00'),
(1784, 'b28', '202106', 'taxi', '2021-06-22', '64.00'),
(1786, 'b28', '202107', 'taxi', '2021-07-14', '61.00'),
(1788, 'b28', '202108', 'repas avec praticien', '2021-08-26', '44.00'),
(1933, 'b34', '202101', 'traiteur, alimentation, boisson', '2021-01-12', '397.00'),
(1936, 'b34', '202101', 'frais vestimentaire/représentation', '2021-01-27', '322.00'),
(1938, 'b34', '202102', 'achat de matériel de papèterie', '2021-02-18', '29.00'),
(1940, 'b34', '202102', 'frais vestimentaire/représentation', '2021-02-15', '382.00'),
(1942, 'b34', '202103', 'location équipement vidéo/sonore', '2021-03-28', '468.00'),
(1944, 'b34', '202103', 'repas avec praticien', '2021-03-03', '43.00'),
(1946, 'b34', '202103', 'location salle conférence', '2021-03-22', '507.00'),
(1948, 'b34', '202103', 'repas avec praticien', '2021-03-25', '48.00'),
(1950, 'b34', '202104', 'location salle conférence', '2021-04-06', '131.00'),
(1952, 'b34', '202105', 'traiteur, alimentation, boisson', '2021-05-26', '418.00'),
(1954, 'b34', '202105', 'taxi', '2021-05-05', '59.00'),
(1956, 'b34', '202105', 'rémunération intervenant/spécialiste', '2021-05-27', '367.00'),
(1958, 'b34', '202105', 'location véhicule', '2021-05-18', '392.00'),
(1960, 'b34', '202105', 'Voyage SNCF', '2021-05-02', '103.00'),
(1962, 'b34', '202105', 'frais vestimentaire/représentation', '2021-05-14', '343.00'),
(1964, 'b34', '202106', 'achat de matériel de papèterie', '2021-06-02', '38.00'),
(1966, 'b34', '202106', 'frais vestimentaire/représentation', '2021-06-23', '158.00'),
(1968, 'b34', '202106', 'Voyage SNCF', '2021-06-13', '98.00'),
(1969, 'b34', '202101', 'repas avec praticien', '2021-01-24', '40.00'),
(1970, 'b34', '202108', 'traiteur, alimentation, boisson', '2021-08-11', '370.00'),
(1971, 'b34', '202101', 'achat de matériel de papèterie', '2021-01-25', '41.00'),
(1972, 'b34', '202108', 'taxi', '2021-08-11', '21.00'),
(1973, 'b34', '202102', 'location équipement vidéo/sonore', '2021-02-27', '267.00'),
(1974, 'b34', '202108', 'frais vestimentaire/représentation', '2021-08-01', '291.00'),
(1975, 'b34', '202102', 'rémunération intervenant/spécialiste', '2021-02-24', '696.00'),
(1976, 'b34', '202108', 'repas avec praticien', '2021-08-16', '38.00'),
(1977, 'b34', '202102', 'location véhicule', '2021-02-03', '385.00'),
(1979, 'b34', '202102', 'Voyage SNCF', '2021-02-26', '52.00'),
(1981, 'b34', '202102', 'repas avec praticien', '2021-02-01', '48.00'),
(1983, 'b34', '202103', 'repas avec praticien', '2021-03-27', '45.00'),
(1985, 'b34', '202104', 'Voyage SNCF', '2021-04-02', '107.00'),
(1987, 'b34', '202105', 'taxi', '2021-05-26', '63.00'),
(1989, 'b34', '202106', 'achat de matériel de papèterie', '2021-06-21', '35.00'),
(1991, 'b34', '202106', 'repas avec praticien', '2021-06-11', '46.00'),
(1993, 'b34', '202106', 'location salle conférence', '2021-06-12', '563.00'),
(1995, 'b34', '202106', 'location équipement vidéo/sonore', '2021-06-24', '104.00'),
(1997, 'b34', '202106', 'rémunération intervenant/spécialiste', '2021-06-27', '495.00'),
(1999, 'b34', '202107', 'location véhicule', '2021-07-05', '269.00'),
(2001, 'b34', '202108', 'rémunération intervenant/spécialiste', '2021-08-05', '343.00'),
(2003, 'b34', '202108', 'taxi', '2021-08-19', '36.00'),
(2127, 'b4', '202101', 'traiteur, alimentation, boisson', '2021-01-07', '234.00'),
(2129, 'b4', '202101', 'frais vestimentaire/représentation', '2021-01-14', '242.00'),
(2131, 'b4', '202101', 'rémunération intervenant/spécialiste', '2021-01-27', '332.00'),
(2133, 'b4', '202102', 'Voyage SNCF', '2021-02-02', '83.00'),
(2135, 'b4', '202103', 'traiteur, alimentation, boisson', '2021-03-10', '442.00'),
(2137, 'b4', '202103', 'repas avec praticien', '2021-03-05', '35.00'),
(2139, 'b4', '202104', 'traiteur, alimentation, boisson', '2021-04-28', '187.00'),
(2140, 'b4', '202104', 'Voyage SNCF', '2021-04-08', '84.00'),
(2142, 'b4', '202104', 'location véhicule', '2021-04-28', '49.00'),
(2144, 'b4', '202104', 'location équipement vidéo/sonore', '2021-04-06', '749.00'),
(2146, 'b4', '202104', 'location véhicule', '2021-04-11', '104.00'),
(2148, 'b4', '202104', 'repas avec praticien', '2021-04-13', '37.00'),
(2150, 'b4', '202105', 'achat de matériel de papèterie', '2021-05-24', '14.00'),
(2152, 'b4', '202105', 'taxi', '2021-05-05', '33.00'),
(2154, 'b4', '202106', 'frais vestimentaire/représentation', '2021-06-20', '247.00'),
(2156, 'b4', '202106', 'location véhicule', '2021-06-06', '381.00'),
(2158, 'b4', '202106', 'location véhicule', '2021-06-08', '450.00'),
(2160, 'b4', '202106', 'rémunération intervenant/spécialiste', '2021-06-15', '1073.00'),
(2162, 'b4', '202106', 'repas avec praticien', '2021-06-06', '30.00'),
(2163, 'b4', '202101', 'traiteur, alimentation, boisson', '2021-01-25', '64.00'),
(2164, 'b4', '202106', 'achat de matériel de papèterie', '2021-06-19', '31.00'),
(2165, 'b4', '202101', 'repas avec praticien', '2021-01-28', '48.00'),
(2166, 'b4', '202107', 'achat de matériel de papèterie', '2021-07-15', '33.00'),
(2167, 'b4', '202102', 'location équipement vidéo/sonore', '2021-02-20', '138.00'),
(2168, 'b4', '202107', 'location équipement vidéo/sonore', '2021-07-15', '174.00'),
(2169, 'b4', '202102', 'achat de matériel de papèterie', '2021-02-03', '32.00'),
(2170, 'b4', '202107', 'repas avec praticien', '2021-07-11', '43.00'),
(2171, 'b4', '202102', 'achat de matériel de papèterie', '2021-02-21', '30.00'),
(2172, 'b4', '202107', 'taxi', '2021-07-09', '40.00'),
(2173, 'b4', '202102', 'location équipement vidéo/sonore', '2021-02-12', '685.00'),
(2174, 'b4', '202107', 'traiteur, alimentation, boisson', '2021-07-21', '439.00'),
(2175, 'b4', '202102', 'location équipement vidéo/sonore', '2021-02-23', '304.00'),
(2176, 'b4', '202107', 'location équipement vidéo/sonore', '2021-07-19', '140.00'),
(2177, 'b4', '202102', 'rémunération intervenant/spécialiste', '2021-02-03', '797.00'),
(2178, 'b4', '202108', 'rémunération intervenant/spécialiste', '2021-08-18', '649.00'),
(2179, 'b4', '202103', 'rémunération intervenant/spécialiste', '2021-03-10', '899.00'),
(2180, 'b4', '202108', 'location salle conférence', '2021-08-26', '145.00'),
(2181, 'b4', '202103', 'location salle conférence', '2021-03-02', '245.00'),
(2183, 'b4', '202103', 'rémunération intervenant/spécialiste', '2021-03-20', '1087.00'),
(2185, 'b4', '202103', 'achat de matériel de papèterie', '2021-03-19', '12.00'),
(2187, 'b4', '202103', 'location véhicule', '2021-03-07', '394.00'),
(2188, 'b4', '202103', 'location salle conférence', '2021-03-22', '188.00'),
(2191, 'b4', '202104', 'traiteur, alimentation, boisson', '2021-04-23', '110.00'),
(2193, 'b4', '202105', 'Voyage SNCF', '2021-05-11', '54.00'),
(2195, 'b4', '202105', 'traiteur, alimentation, boisson', '2021-05-02', '213.00'),
(2197, 'b4', '202105', 'location salle conférence', '2021-05-18', '569.00'),
(2199, 'b4', '202106', 'location équipement vidéo/sonore', '2021-06-17', '145.00'),
(2201, 'b4', '202107', 'location équipement vidéo/sonore', '2021-07-13', '657.00'),
(2203, 'b4', '202107', 'Voyage SNCF', '2021-07-25', '57.00'),
(2205, 'b4', '202107', 'location équipement vidéo/sonore', '2021-07-16', '825.00'),
(2207, 'b4', '202107', 'location véhicule', '2021-07-12', '302.00'),
(2209, 'b4', '202107', 'Voyage SNCF', '2021-07-20', '123.00'),
(2211, 'b4', '202108', 'Voyage SNCF', '2021-08-01', '31.00'),
(2213, 'b4', '202108', 'Voyage SNCF', '2021-08-16', '80.00'),
(2215, 'b4', '202108', 'achat de matériel de papèterie', '2021-08-15', '13.00'),
(2367, 'b50', '202101', 'location équipement vidéo/sonore', '2021-01-06', '501.00'),
(2369, 'b50', '202101', 'Voyage SNCF', '2021-01-11', '139.00'),
(2371, 'b50', '202101', 'frais vestimentaire/représentation', '2021-01-23', '399.00'),
(2372, 'b50', '202101', 'location équipement vidéo/sonore', '2021-01-18', '318.00'),
(2373, 'b50', '202102', 'location véhicule', '2021-02-10', '90.00'),
(2374, 'b50', '202101', 'traiteur, alimentation, boisson', '2021-01-17', '133.00'),
(2375, 'b50', '202102', 'location équipement vidéo/sonore', '2021-02-11', '713.00'),
(2376, 'b50', '202101', 'repas avec praticien', '2021-01-16', '37.00'),
(2377, 'b50', '202102', 'location véhicule', '2021-02-03', '59.00'),
(2378, 'b50', '202102', 'rémunération intervenant/spécialiste', '2021-02-01', '676.00'),
(2379, 'b50', '202102', 'frais vestimentaire/représentation', '2021-02-24', '241.00'),
(2380, 'b50', '202102', 'taxi', '2021-02-02', '66.00'),
(2381, 'b50', '202102', 'traiteur, alimentation, boisson', '2021-02-22', '437.00'),
(2382, 'b50', '202102', 'Voyage SNCF', '2021-02-23', '138.00'),
(2383, 'b50', '202103', 'Voyage SNCF', '2021-03-23', '126.00'),
(2384, 'b50', '202103', 'taxi', '2021-03-26', '20.00'),
(2385, 'b50', '202103', 'achat de matériel de papèterie', '2021-03-13', '46.00'),
(2386, 'b50', '202103', 'achat de matériel de papèterie', '2021-03-14', '18.00'),
(2387, 'b50', '202103', 'taxi', '2021-03-27', '54.00'),
(2388, 'b50', '202103', 'rémunération intervenant/spécialiste', '2021-03-20', '802.00'),
(2389, 'b50', '202103', 'traiteur, alimentation, boisson', '2021-03-25', '249.00'),
(2390, 'b50', '202103', 'location véhicule', '2021-03-12', '116.00'),
(2391, 'b50', '202104', 'repas avec praticien', '2021-04-24', '38.00'),
(2392, 'b50', '202103', 'Voyage SNCF', '2021-03-03', '147.00'),
(2393, 'b50', '202106', 'Voyage SNCF', '2021-06-16', '137.00'),
(2394, 'b50', '202104', 'traiteur, alimentation, boisson', '2021-04-02', '114.00'),
(2395, 'b50', '202107', 'rémunération intervenant/spécialiste', '2021-07-28', '648.00'),
(2396, 'b50', '202104', 'location équipement vidéo/sonore', '2021-04-07', '799.00'),
(2397, 'b50', '202108', 'repas avec praticien', '2021-08-28', '31.00'),
(2398, 'b50', '202104', 'location salle conférence', '2021-04-15', '257.00'),
(2399, 'b50', '202108', 'repas avec praticien', '2021-08-05', '34.00'),
(2400, 'b50', '202105', 'Voyage SNCF', '2021-05-02', '87.00'),
(2401, 'b50', '202108', 'repas avec praticien', '2021-08-13', '46.00'),
(2402, 'b50', '202105', 'location équipement vidéo/sonore', '2021-05-15', '653.00'),
(2404, 'b50', '202105', 'location véhicule', '2021-05-03', '257.00'),
(2406, 'b50', '202105', 'frais vestimentaire/représentation', '2021-05-17', '238.00'),
(2408, 'b50', '202105', 'repas avec praticien', '2021-05-09', '48.00'),
(2410, 'b50', '202105', 'rémunération intervenant/spécialiste', '2021-05-27', '748.00'),
(2412, 'b50', '202106', 'location équipement vidéo/sonore', '2021-06-17', '271.00'),
(2414, 'b50', '202106', 'taxi', '2021-06-22', '37.00'),
(2416, 'b50', '202106', 'traiteur, alimentation, boisson', '2021-06-24', '79.00'),
(2418, 'b50', '202106', 'location véhicule', '2021-06-15', '26.00'),
(2420, 'b50', '202106', 'achat de matériel de papèterie', '2021-06-10', '38.00'),
(2422, 'b50', '202107', 'location salle conférence', '2021-07-16', '254.00'),
(2424, 'b50', '202107', 'traiteur, alimentation, boisson', '2021-07-24', '151.00'),
(2426, 'b50', '202107', 'achat de matériel de papèterie', '2021-07-03', '49.00'),
(2428, 'b50', '202108', 'frais vestimentaire/représentation', '2021-08-15', '99.00'),
(2430, 'b50', '202108', 'frais vestimentaire/représentation', '2021-08-10', '276.00'),
(2558, 'b59', '202101', 'achat de matériel de papèterie', '2021-01-06', '40.00'),
(2560, 'b59', '202101', 'taxi', '2021-01-06', '43.00'),
(2562, 'b59', '202102', 'Voyage SNCF', '2021-02-15', '97.00'),
(2564, 'b59', '202103', 'traiteur, alimentation, boisson', '2021-03-02', '171.00'),
(2566, 'b59', '202103', 'location salle conférence', '2021-03-27', '462.00'),
(2568, 'b59', '202103', 'traiteur, alimentation, boisson', '2021-03-07', '78.00'),
(2570, 'b59', '202104', 'traiteur, alimentation, boisson', '2021-04-12', '69.00'),
(2572, 'b59', '202105', 'location équipement vidéo/sonore', '2021-05-25', '301.00'),
(2574, 'b59', '202106', 'traiteur, alimentation, boisson', '2021-06-18', '61.00'),
(2576, 'b59', '202106', 'Voyage SNCF', '2021-06-15', '129.00'),
(2578, 'b59', '202107', 'frais vestimentaire/représentation', '2021-07-13', '116.00'),
(2580, 'b59', '202108', 'taxi', '2021-08-01', '64.00'),
(2582, 'b59', '202108', 'location équipement vidéo/sonore', '2021-08-24', '228.00'),
(2583, 'b59', '202101', 'achat de matériel de papèterie', '2021-01-05', '31.00'),
(2584, 'b59', '202108', 'location salle conférence', '2021-08-12', '331.00'),
(2585, 'b59', '202101', 'location équipement vidéo/sonore', '2021-01-04', '533.00'),
(2586, 'b59', '202108', 'taxi', '2021-08-28', '75.00'),
(2587, 'b59', '202102', 'frais vestimentaire/représentation', '2021-02-28', '163.00'),
(2589, 'b59', '202103', 'repas avec praticien', '2021-03-12', '39.00'),
(2591, 'b59', '202104', 'repas avec praticien', '2021-04-02', '41.00'),
(2593, 'b59', '202105', 'Voyage SNCF', '2021-05-04', '118.00'),
(2595, 'b59', '202105', 'frais vestimentaire/représentation', '2021-05-16', '139.00'),
(2597, 'b59', '202105', 'location salle conférence', '2021-05-26', '641.00'),
(2599, 'b59', '202106', 'repas avec praticien', '2021-06-11', '38.00'),
(2601, 'b59', '202107', 'location équipement vidéo/sonore', '2021-07-03', '483.00'),
(2603, 'b59', '202108', 'location véhicule', '2021-08-03', '102.00'),
(2605, 'b59', '202108', 'location véhicule', '2021-08-21', '443.00'),
(2607, 'b59', '202108', 'location équipement vidéo/sonore', '2021-08-11', '437.00'),
(2728, 'c14', '202101', 'taxi', '2021-01-10', '48.00'),
(2730, 'c14', '202101', 'frais vestimentaire/représentation', '2021-01-14', '327.00'),
(2732, 'c14', '202101', 'traiteur, alimentation, boisson', '2021-01-15', '350.00'),
(2734, 'c14', '202101', 'traiteur, alimentation, boisson', '2021-01-25', '292.00'),
(2736, 'c14', '202101', 'location équipement vidéo/sonore', '2021-01-05', '152.00'),
(2738, 'c14', '202101', 'taxi', '2021-01-16', '24.00'),
(2740, 'c14', '202102', 'location équipement vidéo/sonore', '2021-02-19', '141.00'),
(2742, 'c14', '202102', 'repas avec praticien', '2021-02-28', '31.00'),
(2744, 'c14', '202102', 'traiteur, alimentation, boisson', '2021-02-08', '34.00'),
(2746, 'c14', '202103', 'repas avec praticien', '2021-03-21', '48.00'),
(2748, 'c14', '202104', 'location véhicule', '2021-04-09', '405.00'),
(2750, 'c14', '202104', 'location équipement vidéo/sonore', '2021-04-22', '760.00'),
(2752, 'c14', '202104', 'rémunération intervenant/spécialiste', '2021-04-07', '908.00'),
(2754, 'c14', '202105', 'location salle conférence', '2021-05-27', '482.00'),
(2756, 'c14', '202106', 'achat de matériel de papèterie', '2021-06-02', '16.00'),
(2758, 'c14', '202106', 'taxi', '2021-06-14', '59.00'),
(2760, 'c14', '202106', 'repas avec praticien', '2021-06-03', '31.00'),
(2763, 'c14', '202106', 'Voyage SNCF', '2021-06-04', '146.00'),
(2764, 'c14', '202106', 'taxi', '2021-06-06', '49.00'),
(2765, 'c14', '202101', 'traiteur, alimentation, boisson', '2021-01-13', '69.00'),
(2766, 'c14', '202106', 'location salle conférence', '2021-06-11', '212.00'),
(2767, 'c14', '202101', 'traiteur, alimentation, boisson', '2021-01-14', '67.00'),
(2768, 'c14', '202107', 'traiteur, alimentation, boisson', '2021-07-13', '353.00'),
(2769, 'c14', '202101', 'location salle conférence', '2021-01-14', '185.00'),
(2770, 'c14', '202107', 'repas avec praticien', '2021-07-06', '44.00'),
(2771, 'c14', '202101', 'repas avec praticien', '2021-01-18', '50.00'),
(2772, 'c14', '202107', 'traiteur, alimentation, boisson', '2021-07-10', '86.00'),
(2773, 'c14', '202101', 'taxi', '2021-01-13', '72.00'),
(2774, 'c14', '202107', 'achat de matériel de papèterie', '2021-07-13', '15.00'),
(2775, 'c14', '202103', 'achat de matériel de papèterie', '2021-03-14', '14.00'),
(2776, 'c14', '202107', 'traiteur, alimentation, boisson', '2021-07-26', '404.00'),
(2777, 'c14', '202103', 'taxi', '2021-03-08', '61.00'),
(2778, 'c14', '202108', 'achat de matériel de papèterie', '2021-08-08', '14.00'),
(2779, 'c14', '202103', 'frais vestimentaire/représentation', '2021-03-14', '143.00'),
(2780, 'c14', '202108', 'repas avec praticien', '2021-08-01', '49.00'),
(2781, 'c14', '202103', 'repas avec praticien', '2021-03-16', '33.00'),
(2782, 'c14', '202108', 'repas avec praticien', '2021-08-19', '46.00'),
(2783, 'c14', '202104', 'repas avec praticien', '2021-04-12', '48.00'),
(2784, 'c14', '202108', 'location salle conférence', '2021-08-22', '294.00'),
(2785, 'c14', '202104', 'repas avec praticien', '2021-04-09', '36.00'),
(2786, 'c14', '202108', 'traiteur, alimentation, boisson', '2021-08-19', '328.00'),
(2787, 'c14', '202104', 'rémunération intervenant/spécialiste', '2021-04-16', '562.00'),
(2789, 'c14', '202105', 'location équipement vidéo/sonore', '2021-05-23', '606.00'),
(2791, 'c14', '202106', 'location salle conférence', '2021-06-18', '162.00'),
(2793, 'c14', '202106', 'location salle conférence', '2021-06-01', '159.00'),
(2795, 'c14', '202106', 'achat de matériel de papèterie', '2021-06-15', '44.00'),
(2797, 'c14', '202106', 'location salle conférence', '2021-06-16', '626.00'),
(2799, 'c14', '202107', 'location véhicule', '2021-07-22', '87.00'),
(2801, 'c14', '202108', 'taxi', '2021-08-06', '39.00'),
(2803, 'c14', '202108', 'traiteur, alimentation, boisson', '2021-08-16', '419.00'),
(2805, 'c14', '202108', 'achat de matériel de papèterie', '2021-08-02', '37.00'),
(2807, 'c14', '202108', 'location salle conférence', '2021-08-08', '216.00'),
(2809, 'c14', '202108', 'frais vestimentaire/représentation', '2021-08-18', '66.00'),
(2945, 'c3', '202101', 'rémunération intervenant/spécialiste', '2021-01-08', '367.00'),
(2946, 'c3', '202101', 'achat de matériel de papèterie', '2021-01-13', '38.00'),
(2947, 'c3', '202102', 'repas avec praticien', '2021-02-03', '43.00'),
(2948, 'c3', '202101', 'location véhicule', '2021-01-18', '107.00'),
(2949, 'c3', '202102', 'Voyage SNCF', '2021-02-15', '49.00'),
(2950, 'c3', '202101', 'taxi', '2021-01-23', '55.00'),
(2951, 'c3', '202102', 'repas avec praticien', '2021-02-17', '30.00'),
(2952, 'c3', '202102', 'location véhicule', '2021-02-05', '156.00'),
(2953, 'c3', '202102', 'achat de matériel de papèterie', '2021-02-09', '26.00');
INSERT INTO `lignefraishorsforfait` (`id`, `idVisiteur`, `mois`, `libelle`, `date`, `montant`) VALUES
(2954, 'c3', '202102', 'rémunération intervenant/spécialiste', '2021-02-14', '347.00'),
(2955, 'c3', '202103', 'taxi', '2021-03-05', '57.00'),
(2956, 'c3', '202102', 'traiteur, alimentation, boisson', '2021-02-23', '123.00'),
(2957, 'c3', '202103', 'traiteur, alimentation, boisson', '2021-03-06', '321.00'),
(2958, 'c3', '202102', 'Voyage SNCF', '2021-02-27', '136.00'),
(2959, 'c3', '202104', 'rémunération intervenant/spécialiste', '2021-04-22', '1114.00'),
(2960, 'c3', '202103', 'taxi', '2021-03-09', '65.00'),
(2961, 'c3', '202104', 'rémunération intervenant/spécialiste', '2021-04-27', '1129.00'),
(2962, 'c3', '202103', 'Voyage SNCF', '2021-03-08', '80.00'),
(2963, 'c3', '202104', 'Voyage SNCF', '2021-04-08', '88.00'),
(2964, 'c3', '202103', 'repas avec praticien', '2021-03-24', '44.00'),
(2965, 'c3', '202104', 'location salle conférence', '2021-04-15', '220.00'),
(2966, 'c3', '202104', 'traiteur, alimentation, boisson', '2021-04-25', '348.00'),
(2967, 'c3', '202104', 'taxi', '2021-04-01', '40.00'),
(2968, 'c3', '202104', 'location équipement vidéo/sonore', '2021-04-23', '830.00'),
(2969, 'c3', '202104', 'rémunération intervenant/spécialiste', '2021-04-11', '926.00'),
(2970, 'c3', '202105', 'rémunération intervenant/spécialiste', '2021-05-18', '1065.00'),
(2971, 'c3', '202105', 'taxi', '2021-05-18', '34.00'),
(2972, 'c3', '202105', 'location équipement vidéo/sonore', '2021-05-09', '517.00'),
(2973, 'c3', '202105', 'location salle conférence', '2021-05-22', '207.00'),
(2974, 'c3', '202106', 'location équipement vidéo/sonore', '2021-06-09', '792.00'),
(2975, 'c3', '202105', 'rémunération intervenant/spécialiste', '2021-05-21', '1179.00'),
(2976, 'c3', '202106', 'location équipement vidéo/sonore', '2021-06-25', '151.00'),
(2977, 'c3', '202105', 'location équipement vidéo/sonore', '2021-05-16', '525.00'),
(2978, 'c3', '202106', 'rémunération intervenant/spécialiste', '2021-06-28', '743.00'),
(2979, 'c3', '202105', 'location équipement vidéo/sonore', '2021-05-27', '243.00'),
(2980, 'c3', '202106', 'repas avec praticien', '2021-06-06', '47.00'),
(2981, 'c3', '202106', 'traiteur, alimentation, boisson', '2021-06-26', '248.00'),
(2982, 'c3', '202106', 'rémunération intervenant/spécialiste', '2021-06-20', '454.00'),
(2983, 'c3', '202106', 'repas avec praticien', '2021-06-21', '33.00'),
(2984, 'c3', '202106', 'location salle conférence', '2021-06-23', '646.00'),
(2985, 'c3', '202106', 'repas avec praticien', '2021-06-22', '50.00'),
(2986, 'c3', '202107', 'taxi', '2021-07-19', '22.00'),
(2987, 'c3', '202106', 'taxi', '2021-06-18', '28.00'),
(2988, 'c3', '202107', 'repas avec praticien', '2021-07-16', '35.00'),
(2989, 'c3', '202107', 'location véhicule', '2021-07-22', '356.00'),
(2990, 'c3', '202107', 'repas avec praticien', '2021-07-19', '30.00'),
(2991, 'c3', '202107', 'location salle conférence', '2021-07-05', '416.00'),
(2992, 'c3', '202107', 'location équipement vidéo/sonore', '2021-07-17', '796.00'),
(2993, 'c3', '202108', 'taxi', '2021-08-22', '60.00'),
(2994, 'c3', '202107', 'frais vestimentaire/représentation', '2021-07-16', '211.00'),
(2995, 'c3', '202108', 'location équipement vidéo/sonore', '2021-08-28', '666.00'),
(2996, 'c3', '202108', 'taxi', '2021-08-23', '64.00'),
(2997, 'c3', '202108', 'traiteur, alimentation, boisson', '2021-08-22', '181.00'),
(2998, 'c3', '202108', 'frais vestimentaire/représentation', '2021-08-11', '77.00'),
(3142, 'c54', '202101', 'taxi', '2021-01-28', '26.00'),
(3144, 'c54', '202101', 'repas avec praticien', '2021-01-28', '46.00'),
(3146, 'c54', '202101', 'achat de matériel de papèterie', '2021-01-20', '41.00'),
(3148, 'c54', '202101', 'frais vestimentaire/représentation', '2021-01-25', '112.00'),
(3150, 'c54', '202102', 'repas avec praticien', '2021-02-28', '34.00'),
(3152, 'c54', '202103', 'location équipement vidéo/sonore', '2021-03-13', '757.00'),
(3154, 'c54', '202103', 'repas avec praticien', '2021-03-26', '31.00'),
(3156, 'c54', '202103', 'achat de matériel de papèterie', '2021-03-21', '34.00'),
(3158, 'c54', '202104', 'location salle conférence', '2021-04-26', '270.00'),
(3160, 'c54', '202104', 'traiteur, alimentation, boisson', '2021-04-08', '75.00'),
(3162, 'c54', '202105', 'location véhicule', '2021-05-28', '49.00'),
(3164, 'c54', '202105', 'location salle conférence', '2021-05-08', '588.00'),
(3166, 'c54', '202105', 'frais vestimentaire/représentation', '2021-05-16', '326.00'),
(3168, 'c54', '202105', 'location équipement vidéo/sonore', '2021-05-09', '467.00'),
(3169, 'c54', '202101', 'location salle conférence', '2021-01-28', '567.00'),
(3170, 'c54', '202105', 'location équipement vidéo/sonore', '2021-05-04', '682.00'),
(3171, 'c54', '202102', 'repas avec praticien', '2021-02-16', '34.00'),
(3172, 'c54', '202106', 'traiteur, alimentation, boisson', '2021-06-17', '402.00'),
(3173, 'c54', '202102', 'frais vestimentaire/représentation', '2021-02-08', '307.00'),
(3174, 'c54', '202107', 'location salle conférence', '2021-07-05', '222.00'),
(3175, 'c54', '202102', 'taxi', '2021-02-24', '47.00'),
(3176, 'c54', '202107', 'rémunération intervenant/spécialiste', '2021-07-08', '523.00'),
(3177, 'c54', '202102', 'achat de matériel de papèterie', '2021-02-19', '26.00'),
(3178, 'c54', '202108', 'location équipement vidéo/sonore', '2021-08-08', '545.00'),
(3179, 'c54', '202102', 'achat de matériel de papèterie', '2021-02-11', '42.00'),
(3180, 'c54', '202108', 'location véhicule', '2021-08-10', '177.00'),
(3181, 'c54', '202103', 'Voyage SNCF', '2021-03-13', '102.00'),
(3182, 'c54', '202108', 'rémunération intervenant/spécialiste', '2021-08-23', '254.00'),
(3183, 'c54', '202104', 'location véhicule', '2021-04-19', '291.00'),
(3184, 'c54', '202108', 'frais vestimentaire/représentation', '2021-08-02', '332.00'),
(3185, 'c54', '202104', 'achat de matériel de papèterie', '2021-04-25', '10.00'),
(3187, 'c54', '202105', 'location équipement vidéo/sonore', '2021-05-01', '815.00'),
(3189, 'c54', '202105', 'achat de matériel de papèterie', '2021-05-16', '24.00'),
(3191, 'c54', '202105', 'repas avec praticien', '2021-05-16', '46.00'),
(3193, 'c54', '202105', 'taxi', '2021-05-21', '44.00'),
(3195, 'c54', '202106', 'rémunération intervenant/spécialiste', '2021-06-15', '312.00'),
(3197, 'c54', '202106', 'location salle conférence', '2021-06-15', '344.00'),
(3199, 'c54', '202106', 'taxi', '2021-06-06', '77.00'),
(3201, 'c54', '202106', 'rémunération intervenant/spécialiste', '2021-06-02', '738.00'),
(3203, 'c54', '202107', 'location équipement vidéo/sonore', '2021-07-15', '650.00'),
(3205, 'c54', '202107', 'taxi', '2021-07-28', '64.00'),
(3207, 'c54', '202107', 'frais vestimentaire/représentation', '2021-07-05', '143.00'),
(3209, 'c54', '202107', 'location véhicule', '2021-07-21', '159.00'),
(3211, 'c54', '202107', 'location véhicule', '2021-07-25', '82.00'),
(3213, 'c54', '202108', 'Voyage SNCF', '2021-08-19', '55.00'),
(3215, 'c54', '202108', 'achat de matériel de papèterie', '2021-08-15', '31.00'),
(3344, 'd13', '202101', 'Voyage SNCF', '2021-01-13', '106.00'),
(3346, 'd13', '202101', 'traiteur, alimentation, boisson', '2021-01-08', '175.00'),
(3348, 'd13', '202101', 'location équipement vidéo/sonore', '2021-01-18', '842.00'),
(3350, 'd13', '202101', 'Voyage SNCF', '2021-01-24', '150.00'),
(3352, 'd13', '202101', 'rémunération intervenant/spécialiste', '2021-01-07', '1069.00'),
(3354, 'd13', '202102', 'achat de matériel de papèterie', '2021-02-06', '10.00'),
(3356, 'd13', '202103', 'Voyage SNCF', '2021-03-18', '84.00'),
(3358, 'd13', '202103', 'location salle conférence', '2021-03-01', '246.00'),
(3360, 'd13', '202103', 'repas avec praticien', '2021-03-13', '42.00'),
(3362, 'd13', '202103', 'traiteur, alimentation, boisson', '2021-03-21', '183.00'),
(3364, 'd13', '202104', 'Voyage SNCF', '2021-04-28', '43.00'),
(3366, 'd13', '202104', 'location équipement vidéo/sonore', '2021-04-07', '549.00'),
(3368, 'd13', '202104', 'location véhicule', '2021-04-06', '395.00'),
(3370, 'd13', '202104', 'achat de matériel de papèterie', '2021-04-10', '31.00'),
(3372, 'd13', '202104', 'achat de matériel de papèterie', '2021-04-16', '48.00'),
(3374, 'd13', '202104', 'location véhicule', '2021-04-28', '390.00'),
(3376, 'd13', '202105', 'location équipement vidéo/sonore', '2021-05-08', '169.00'),
(3377, 'd13', '202101', 'taxi', '2021-01-18', '44.00'),
(3378, 'd13', '202105', 'Voyage SNCF', '2021-05-07', '117.00'),
(3379, 'd13', '202101', 'Voyage SNCF', '2021-01-01', '31.00'),
(3380, 'd13', '202105', 'achat de matériel de papèterie', '2021-05-12', '50.00'),
(3381, 'd13', '202102', 'achat de matériel de papèterie', '2021-02-22', '17.00'),
(3382, 'd13', '202105', 'achat de matériel de papèterie', '2021-05-24', '11.00'),
(3383, 'd13', '202102', 'frais vestimentaire/représentation', '2021-02-10', '219.00'),
(3384, 'd13', '202105', 'traiteur, alimentation, boisson', '2021-05-27', '232.00'),
(3385, 'd13', '202102', 'Voyage SNCF', '2021-02-01', '103.00'),
(3386, 'd13', '202106', 'achat de matériel de papèterie', '2021-06-03', '42.00'),
(3387, 'd13', '202102', 'location salle conférence', '2021-02-04', '630.00'),
(3388, 'd13', '202106', 'location salle conférence', '2021-06-07', '235.00'),
(3389, 'd13', '202103', 'frais vestimentaire/représentation', '2021-03-09', '165.00'),
(3390, 'd13', '202106', 'Voyage SNCF', '2021-06-19', '39.00'),
(3391, 'd13', '202103', 'location équipement vidéo/sonore', '2021-03-11', '613.00'),
(3392, 'd13', '202106', 'location équipement vidéo/sonore', '2021-06-04', '782.00'),
(3393, 'd13', '202103', 'Voyage SNCF', '2021-03-20', '87.00'),
(3394, 'd13', '202107', 'frais vestimentaire/représentation', '2021-07-23', '58.00'),
(3395, 'd13', '202104', 'traiteur, alimentation, boisson', '2021-04-15', '221.00'),
(3396, 'd13', '202107', 'location salle conférence', '2021-07-08', '623.00'),
(3397, 'd13', '202104', 'location véhicule', '2021-04-07', '379.00'),
(3398, 'd13', '202107', 'frais vestimentaire/représentation', '2021-07-13', '229.00'),
(3399, 'd13', '202105', 'taxi', '2021-05-21', '29.00'),
(3400, 'd13', '202107', 'achat de matériel de papèterie', '2021-07-13', '49.00'),
(3401, 'd13', '202105', 'rémunération intervenant/spécialiste', '2021-05-25', '339.00'),
(3402, 'd13', '202107', 'Voyage SNCF', '2021-07-18', '35.00'),
(3403, 'd13', '202106', 'traiteur, alimentation, boisson', '2021-06-24', '349.00'),
(3404, 'd13', '202108', 'location équipement vidéo/sonore', '2021-08-10', '540.00'),
(3405, 'd13', '202106', 'location salle conférence', '2021-06-26', '535.00'),
(3406, 'd13', '202108', 'location salle conférence', '2021-08-01', '265.00'),
(3407, 'd13', '202106', 'location salle conférence', '2021-06-08', '622.00'),
(3409, 'd13', '202107', 'location salle conférence', '2021-07-20', '192.00'),
(3411, 'd13', '202107', 'repas avec praticien', '2021-07-12', '32.00'),
(3413, 'd13', '202107', 'achat de matériel de papèterie', '2021-07-14', '48.00'),
(3415, 'd13', '202107', 'location équipement vidéo/sonore', '2021-07-07', '198.00'),
(3417, 'd13', '202107', 'location équipement vidéo/sonore', '2021-07-24', '578.00'),
(3419, 'd13', '202108', 'frais vestimentaire/représentation', '2021-08-24', '28.00'),
(3537, 'd51', '202101', 'location salle conférence', '2021-01-28', '550.00'),
(3539, 'd51', '202101', 'location salle conférence', '2021-01-10', '388.00'),
(3541, 'd51', '202101', 'frais vestimentaire/représentation', '2021-01-09', '150.00'),
(3543, 'd51', '202101', 'location équipement vidéo/sonore', '2021-01-21', '658.00'),
(3545, 'd51', '202101', 'repas avec praticien', '2021-01-13', '46.00'),
(3547, 'd51', '202101', 'location salle conférence', '2021-01-25', '360.00'),
(3549, 'd51', '202102', 'taxi', '2021-02-23', '66.00'),
(3551, 'd51', '202102', 'location véhicule', '2021-02-19', '432.00'),
(3553, 'd51', '202102', 'frais vestimentaire/représentation', '2021-02-18', '449.00'),
(3555, 'd51', '202103', 'achat de matériel de papèterie', '2021-03-24', '46.00'),
(3557, 'd51', '202103', 'rémunération intervenant/spécialiste', '2021-03-28', '964.00'),
(3559, 'd51', '202103', 'rémunération intervenant/spécialiste', '2021-03-17', '938.00'),
(3561, 'd51', '202104', 'rémunération intervenant/spécialiste', '2021-04-01', '487.00'),
(3563, 'd51', '202104', 'taxi', '2021-04-14', '25.00'),
(3565, 'd51', '202105', 'location équipement vidéo/sonore', '2021-05-04', '381.00'),
(3567, 'd51', '202105', 'Voyage SNCF', '2021-05-19', '83.00'),
(3569, 'd51', '202105', 'location salle conférence', '2021-05-05', '505.00'),
(3571, 'd51', '202105', 'traiteur, alimentation, boisson', '2021-05-26', '48.00'),
(3573, 'd51', '202105', 'location salle conférence', '2021-05-08', '198.00'),
(3575, 'd51', '202105', 'frais vestimentaire/représentation', '2021-05-01', '91.00'),
(3577, 'd51', '202106', 'repas avec praticien', '2021-06-08', '48.00'),
(3579, 'd51', '202106', 'location équipement vidéo/sonore', '2021-06-15', '252.00'),
(3581, 'd51', '202106', 'Voyage SNCF', '2021-06-19', '39.00'),
(3583, 'd51', '202106', 'traiteur, alimentation, boisson', '2021-06-23', '366.00'),
(3585, 'd51', '202107', 'Voyage SNCF', '2021-07-14', '61.00'),
(3587, 'd51', '202107', 'frais vestimentaire/représentation', '2021-07-10', '35.00'),
(3589, 'd51', '202107', 'Voyage SNCF', '2021-07-08', '68.00'),
(3591, 'd51', '202107', 'rémunération intervenant/spécialiste', '2021-07-01', '296.00'),
(3593, 'd51', '202107', 'repas avec praticien', '2021-07-17', '36.00'),
(3594, 'd51', '202101', 'achat de matériel de papèterie', '2021-01-21', '46.00'),
(3595, 'd51', '202108', 'location équipement vidéo/sonore', '2021-08-08', '570.00'),
(3596, 'd51', '202101', 'frais vestimentaire/représentation', '2021-01-25', '127.00'),
(3597, 'd51', '202108', 'location équipement vidéo/sonore', '2021-08-18', '243.00'),
(3598, 'd51', '202102', 'location salle conférence', '2021-02-09', '639.00'),
(3599, 'd51', '202108', 'rémunération intervenant/spécialiste', '2021-08-20', '991.00'),
(3600, 'd51', '202102', 'repas avec praticien', '2021-02-06', '49.00'),
(3601, 'd51', '202108', 'location équipement vidéo/sonore', '2021-08-28', '768.00'),
(3602, 'd51', '202102', 'achat de matériel de papèterie', '2021-02-04', '14.00'),
(3603, 'd51', '202108', 'achat de matériel de papèterie', '2021-08-15', '13.00'),
(3604, 'd51', '202103', 'frais vestimentaire/représentation', '2021-03-09', '348.00'),
(3606, 'd51', '202103', 'repas avec praticien', '2021-03-16', '42.00'),
(3608, 'd51', '202104', 'location équipement vidéo/sonore', '2021-04-18', '519.00'),
(3610, 'd51', '202104', 'location véhicule', '2021-04-24', '197.00'),
(3612, 'd51', '202105', 'taxi', '2021-05-27', '34.00'),
(3614, 'd51', '202105', 'location salle conférence', '2021-05-04', '346.00'),
(3616, 'd51', '202105', 'location équipement vidéo/sonore', '2021-05-05', '679.00'),
(3618, 'd51', '202105', 'location salle conférence', '2021-05-23', '542.00'),
(3620, 'd51', '202106', 'frais vestimentaire/représentation', '2021-06-02', '34.00'),
(3622, 'd51', '202106', 'traiteur, alimentation, boisson', '2021-06-26', '49.00'),
(3624, 'd51', '202106', 'traiteur, alimentation, boisson', '2021-06-17', '133.00'),
(3626, 'd51', '202106', 'location salle conférence', '2021-06-10', '159.00'),
(3628, 'd51', '202107', 'repas avec praticien', '2021-07-02', '41.00'),
(3630, 'd51', '202107', 'location véhicule', '2021-07-18', '305.00'),
(3632, 'd51', '202107', 'achat de matériel de papèterie', '2021-07-24', '39.00'),
(3634, 'd51', '202107', 'location salle conférence', '2021-07-12', '545.00'),
(3636, 'd51', '202107', 'Voyage SNCF', '2021-07-22', '86.00'),
(3638, 'd51', '202107', 'taxi', '2021-07-26', '30.00'),
(3640, 'd51', '202108', 'repas avec praticien', '2021-08-10', '46.00'),
(3642, 'd51', '202108', 'frais vestimentaire/représentation', '2021-08-22', '117.00'),
(3766, 'e22', '202101', 'location salle conférence', '2021-01-08', '464.00'),
(3768, 'e22', '202101', 'frais vestimentaire/représentation', '2021-01-11', '63.00'),
(3770, 'e22', '202102', 'rémunération intervenant/spécialiste', '2021-02-04', '856.00'),
(3772, 'e22', '202102', 'location véhicule', '2021-02-21', '430.00'),
(3774, 'e22', '202102', 'traiteur, alimentation, boisson', '2021-02-26', '318.00'),
(3776, 'e22', '202102', 'frais vestimentaire/représentation', '2021-02-19', '419.00'),
(3778, 'e22', '202103', 'location salle conférence', '2021-03-03', '632.00'),
(3780, 'e22', '202103', 'repas avec praticien', '2021-03-12', '45.00'),
(3782, 'e22', '202104', 'repas avec praticien', '2021-04-15', '32.00'),
(3784, 'e22', '202104', 'repas avec praticien', '2021-04-02', '31.00'),
(3786, 'e22', '202105', 'location véhicule', '2021-05-20', '287.00'),
(3788, 'e22', '202105', 'repas avec praticien', '2021-05-19', '38.00'),
(3790, 'e22', '202105', 'rémunération intervenant/spécialiste', '2021-05-03', '572.00'),
(3792, 'e22', '202105', 'rémunération intervenant/spécialiste', '2021-05-06', '1169.00'),
(3794, 'e22', '202105', 'location équipement vidéo/sonore', '2021-05-08', '597.00'),
(3796, 'e22', '202105', 'taxi', '2021-05-01', '70.00'),
(3798, 'e22', '202106', 'location équipement vidéo/sonore', '2021-06-22', '132.00'),
(3800, 'e22', '202106', 'rémunération intervenant/spécialiste', '2021-06-22', '698.00'),
(3801, 'e22', '202101', 'location équipement vidéo/sonore', '2021-01-25', '123.00'),
(3802, 'e22', '202106', 'location véhicule', '2021-06-16', '338.00'),
(3803, 'e22', '202101', 'location équipement vidéo/sonore', '2021-01-23', '230.00'),
(3804, 'e22', '202107', 'rémunération intervenant/spécialiste', '2021-07-04', '635.00'),
(3805, 'e22', '202101', 'traiteur, alimentation, boisson', '2021-01-21', '240.00'),
(3806, 'e22', '202107', 'taxi', '2021-07-10', '22.00'),
(3807, 'e22', '202101', 'rémunération intervenant/spécialiste', '2021-01-09', '1030.00'),
(3808, 'e22', '202107', 'rémunération intervenant/spécialiste', '2021-07-09', '1032.00'),
(3809, 'e22', '202102', 'repas avec praticien', '2021-02-09', '32.00'),
(3810, 'e22', '202107', 'frais vestimentaire/représentation', '2021-07-19', '221.00'),
(3811, 'e22', '202103', 'rémunération intervenant/spécialiste', '2021-03-03', '608.00'),
(3812, 'e22', '202108', 'location salle conférence', '2021-08-06', '519.00'),
(3813, 'e22', '202103', 'frais vestimentaire/représentation', '2021-03-04', '31.00'),
(3814, 'e22', '202108', 'Voyage SNCF', '2021-08-10', '75.00'),
(3815, 'e22', '202103', 'location équipement vidéo/sonore', '2021-03-23', '303.00'),
(3816, 'e22', '202108', 'location véhicule', '2021-08-19', '192.00'),
(3817, 'e22', '202104', 'location salle conférence', '2021-04-09', '426.00'),
(3819, 'e22', '202104', 'location équipement vidéo/sonore', '2021-04-13', '356.00'),
(3821, 'e22', '202104', 'frais vestimentaire/représentation', '2021-04-18', '51.00'),
(3823, 'e22', '202105', 'Voyage SNCF', '2021-05-07', '60.00'),
(3825, 'e22', '202105', 'Voyage SNCF', '2021-05-19', '112.00'),
(3827, 'e22', '202105', 'rémunération intervenant/spécialiste', '2021-05-19', '677.00'),
(3829, 'e22', '202105', 'achat de matériel de papèterie', '2021-05-26', '41.00'),
(3831, 'e22', '202106', 'frais vestimentaire/représentation', '2021-06-28', '79.00'),
(3833, 'e22', '202106', 'Voyage SNCF', '2021-06-19', '35.00'),
(3835, 'e22', '202107', 'taxi', '2021-07-25', '63.00'),
(3837, 'e22', '202107', 'frais vestimentaire/représentation', '2021-07-23', '341.00'),
(3839, 'e22', '202108', 'location salle conférence', '2021-08-20', '460.00'),
(3841, 'e22', '202108', 'traiteur, alimentation, boisson', '2021-08-05', '449.00'),
(3843, 'e22', '202108', 'achat de matériel de papèterie', '2021-08-04', '32.00'),
(3845, 'e22', '202108', 'repas avec praticien', '2021-08-02', '43.00'),
(3847, 'e22', '202108', 'frais vestimentaire/représentation', '2021-08-25', '254.00'),
(3960, 'e24', '202101', 'Voyage SNCF', '2021-01-16', '61.00'),
(3962, 'e24', '202101', 'location véhicule', '2021-01-23', '299.00'),
(3964, 'e24', '202101', 'taxi', '2021-01-06', '53.00'),
(3966, 'e24', '202101', 'location équipement vidéo/sonore', '2021-01-02', '587.00'),
(3968, 'e24', '202101', 'rémunération intervenant/spécialiste', '2021-01-01', '612.00'),
(3970, 'e24', '202102', 'frais vestimentaire/représentation', '2021-02-02', '76.00'),
(3972, 'e24', '202102', 'location salle conférence', '2021-02-04', '472.00'),
(3974, 'e24', '202103', 'Voyage SNCF', '2021-03-28', '108.00'),
(3976, 'e24', '202103', 'Voyage SNCF', '2021-03-12', '123.00'),
(3978, 'e24', '202103', 'location équipement vidéo/sonore', '2021-03-03', '758.00'),
(3980, 'e24', '202103', 'frais vestimentaire/représentation', '2021-03-22', '59.00'),
(3982, 'e24', '202103', 'location véhicule', '2021-03-02', '302.00'),
(3984, 'e24', '202103', 'location salle conférence', '2021-03-16', '537.00'),
(3986, 'e24', '202104', 'traiteur, alimentation, boisson', '2021-04-04', '167.00'),
(3988, 'e24', '202104', 'rémunération intervenant/spécialiste', '2021-04-09', '681.00'),
(3990, 'e24', '202105', 'achat de matériel de papèterie', '2021-05-02', '39.00'),
(3992, 'e24', '202105', 'traiteur, alimentation, boisson', '2021-05-18', '259.00'),
(3994, 'e24', '202106', 'frais vestimentaire/représentation', '2021-06-26', '267.00'),
(3995, 'e24', '202101', 'frais vestimentaire/représentation', '2021-01-05', '114.00'),
(3996, 'e24', '202106', 'location équipement vidéo/sonore', '2021-06-08', '719.00'),
(3997, 'e24', '202101', 'Voyage SNCF', '2021-01-02', '131.00'),
(3998, 'e24', '202106', 'location équipement vidéo/sonore', '2021-06-06', '750.00'),
(3999, 'e24', '202101', 'location salle conférence', '2021-01-12', '155.00'),
(4000, 'e24', '202107', 'location véhicule', '2021-07-15', '83.00'),
(4001, 'e24', '202102', 'taxi', '2021-02-22', '47.00'),
(4002, 'e24', '202107', 'rémunération intervenant/spécialiste', '2021-07-12', '766.00'),
(4003, 'e24', '202103', 'location salle conférence', '2021-03-13', '471.00'),
(4004, 'e24', '202108', 'repas avec praticien', '2021-08-28', '39.00'),
(4005, 'e24', '202103', 'frais vestimentaire/représentation', '2021-03-05', '129.00'),
(4006, 'e24', '202108', 'Voyage SNCF', '2021-08-22', '82.00'),
(4007, 'e24', '202103', 'traiteur, alimentation, boisson', '2021-03-19', '357.00'),
(4008, 'e24', '202108', 'location équipement vidéo/sonore', '2021-08-15', '501.00'),
(4009, 'e24', '202104', 'location équipement vidéo/sonore', '2021-04-28', '591.00'),
(4010, 'e24', '202108', 'taxi', '2021-08-12', '23.00'),
(4011, 'e24', '202104', 'repas avec praticien', '2021-04-03', '39.00'),
(4013, 'e24', '202104', 'frais vestimentaire/représentation', '2021-04-21', '103.00'),
(4015, 'e24', '202104', 'frais vestimentaire/représentation', '2021-04-08', '124.00'),
(4017, 'e24', '202104', 'achat de matériel de papèterie', '2021-04-14', '17.00'),
(4019, 'e24', '202105', 'achat de matériel de papèterie', '2021-05-24', '48.00'),
(4021, 'e24', '202105', 'repas avec praticien', '2021-05-23', '45.00'),
(4023, 'e24', '202105', 'achat de matériel de papèterie', '2021-05-09', '49.00'),
(4025, 'e24', '202105', 'location véhicule', '2021-05-06', '197.00'),
(4027, 'e24', '202106', 'rémunération intervenant/spécialiste', '2021-06-02', '737.00'),
(4029, 'e24', '202106', 'frais vestimentaire/représentation', '2021-06-18', '207.00'),
(4031, 'e24', '202106', 'location salle conférence', '2021-06-18', '356.00'),
(4033, 'e24', '202106', 'Voyage SNCF', '2021-06-24', '101.00'),
(4035, 'e24', '202106', 'location salle conférence', '2021-06-13', '276.00'),
(4037, 'e24', '202106', 'achat de matériel de papèterie', '2021-06-22', '23.00'),
(4039, 'e24', '202107', 'rémunération intervenant/spécialiste', '2021-07-04', '730.00'),
(4041, 'e24', '202107', 'achat de matériel de papèterie', '2021-07-16', '36.00'),
(4043, 'e24', '202107', 'achat de matériel de papèterie', '2021-07-10', '12.00'),
(4045, 'e24', '202108', 'location véhicule', '2021-08-23', '58.00'),
(4047, 'e24', '202108', 'repas avec praticien', '2021-08-14', '35.00'),
(4049, 'e24', '202108', 'Voyage SNCF', '2021-08-10', '51.00'),
(4051, 'e24', '202108', 'achat de matériel de papèterie', '2021-08-16', '22.00'),
(4198, 'e39', '202101', 'location équipement vidéo/sonore', '2021-01-17', '144.00'),
(4200, 'e39', '202101', 'frais vestimentaire/représentation', '2021-01-04', '101.00'),
(4202, 'e39', '202101', 'location véhicule', '2021-01-02', '73.00'),
(4204, 'e39', '202101', 'frais vestimentaire/représentation', '2021-01-24', '114.00'),
(4206, 'e39', '202102', 'frais vestimentaire/représentation', '2021-02-09', '122.00'),
(4208, 'e39', '202102', 'location véhicule', '2021-02-14', '114.00'),
(4210, 'e39', '202103', 'frais vestimentaire/représentation', '2021-03-17', '252.00'),
(4212, 'e39', '202104', 'repas avec praticien', '2021-04-06', '47.00'),
(4214, 'e39', '202104', 'frais vestimentaire/représentation', '2021-04-22', '344.00'),
(4216, 'e39', '202104', 'location véhicule', '2021-04-24', '55.00'),
(4218, 'e39', '202104', 'rémunération intervenant/spécialiste', '2021-04-24', '279.00'),
(4220, 'e39', '202105', 'location salle conférence', '2021-05-11', '211.00'),
(4222, 'e39', '202106', 'location équipement vidéo/sonore', '2021-06-05', '553.00'),
(4224, 'e39', '202106', 'frais vestimentaire/représentation', '2021-06-22', '131.00'),
(4226, 'e39', '202106', 'Voyage SNCF', '2021-06-12', '66.00'),
(4228, 'e39', '202106', 'repas avec praticien', '2021-06-15', '37.00'),
(4229, 'e39', '202101', 'rémunération intervenant/spécialiste', '2021-01-03', '382.00'),
(4230, 'e39', '202106', 'Voyage SNCF', '2021-06-17', '96.00'),
(4231, 'e39', '202102', 'taxi', '2021-02-14', '64.00'),
(4232, 'e39', '202107', 'location véhicule', '2021-07-21', '130.00'),
(4233, 'e39', '202102', 'location salle conférence', '2021-02-22', '419.00'),
(4234, 'e39', '202107', 'frais vestimentaire/représentation', '2021-07-28', '179.00'),
(4235, 'e39', '202102', 'location salle conférence', '2021-02-11', '510.00'),
(4236, 'e39', '202107', 'frais vestimentaire/représentation', '2021-07-18', '179.00'),
(4237, 'e39', '202102', 'frais vestimentaire/représentation', '2021-02-18', '194.00'),
(4238, 'e39', '202108', 'location salle conférence', '2021-08-16', '376.00'),
(4239, 'e39', '202103', 'location salle conférence', '2021-03-19', '195.00'),
(4240, 'e39', '202108', 'location salle conférence', '2021-08-20', '548.00'),
(4241, 'e39', '202103', 'location salle conférence', '2021-03-02', '297.00'),
(4242, 'e39', '202108', 'rémunération intervenant/spécialiste', '2021-08-13', '1048.00'),
(4243, 'e39', '202103', 'repas avec praticien', '2021-03-04', '46.00'),
(4244, 'e39', '202108', 'location véhicule', '2021-08-19', '403.00'),
(4245, 'e39', '202103', 'frais vestimentaire/représentation', '2021-03-17', '25.00'),
(4246, 'e39', '202108', 'frais vestimentaire/représentation', '2021-08-20', '120.00'),
(4247, 'e39', '202104', 'rémunération intervenant/spécialiste', '2021-04-09', '966.00'),
(4248, 'e39', '202108', 'frais vestimentaire/représentation', '2021-08-21', '317.00'),
(4249, 'e39', '202104', 'taxi', '2021-04-06', '37.00'),
(4251, 'e39', '202104', 'location véhicule', '2021-04-16', '110.00'),
(4253, 'e39', '202105', 'location équipement vidéo/sonore', '2021-05-21', '435.00'),
(4255, 'e39', '202105', 'frais vestimentaire/représentation', '2021-05-16', '41.00'),
(4257, 'e39', '202105', 'Voyage SNCF', '2021-05-02', '87.00'),
(4259, 'e39', '202105', 'traiteur, alimentation, boisson', '2021-05-02', '85.00'),
(4261, 'e39', '202106', 'achat de matériel de papèterie', '2021-06-01', '22.00'),
(4263, 'e39', '202106', 'location équipement vidéo/sonore', '2021-06-07', '374.00'),
(4265, 'e39', '202106', 'taxi', '2021-06-23', '78.00'),
(4267, 'e39', '202106', 'traiteur, alimentation, boisson', '2021-06-22', '40.00'),
(4269, 'e39', '202106', 'traiteur, alimentation, boisson', '2021-06-08', '331.00'),
(4271, 'e39', '202107', 'taxi', '2021-07-08', '34.00'),
(4273, 'e39', '202107', 'location équipement vidéo/sonore', '2021-07-12', '760.00'),
(4275, 'e39', '202108', 'location salle conférence', '2021-08-04', '366.00'),
(4277, 'e39', '202108', 'repas avec praticien', '2021-08-03', '47.00'),
(4279, 'e39', '202108', 'rémunération intervenant/spécialiste', '2021-08-09', '1187.00'),
(4281, 'e39', '202108', 'location véhicule', '2021-08-17', '108.00'),
(4396, 'e49', '202101', 'repas avec praticien', '2021-01-19', '50.00'),
(4398, 'e49', '202101', 'Voyage SNCF', '2021-01-19', '136.00'),
(4400, 'e49', '202101', 'repas avec praticien', '2021-01-01', '47.00'),
(4402, 'e49', '202101', 'taxi', '2021-01-13', '31.00'),
(4404, 'e49', '202102', 'location salle conférence', '2021-02-24', '433.00'),
(4406, 'e49', '202102', 'location véhicule', '2021-02-02', '175.00'),
(4408, 'e49', '202102', 'frais vestimentaire/représentation', '2021-02-25', '169.00'),
(4410, 'e49', '202102', 'location véhicule', '2021-02-12', '159.00'),
(4412, 'e49', '202102', 'achat de matériel de papèterie', '2021-02-24', '50.00'),
(4414, 'e49', '202102', 'location équipement vidéo/sonore', '2021-02-19', '815.00'),
(4416, 'e49', '202104', 'location véhicule', '2021-04-18', '164.00'),
(4418, 'e49', '202104', 'location équipement vidéo/sonore', '2021-04-25', '425.00'),
(4420, 'e49', '202104', 'achat de matériel de papèterie', '2021-04-17', '40.00'),
(4422, 'e49', '202104', 'location équipement vidéo/sonore', '2021-04-07', '522.00'),
(4424, 'e49', '202104', 'location salle conférence', '2021-04-23', '240.00'),
(4425, 'e49', '202101', 'rémunération intervenant/spécialiste', '2021-01-13', '318.00'),
(4426, 'e49', '202104', 'taxi', '2021-04-28', '52.00'),
(4427, 'e49', '202101', 'Voyage SNCF', '2021-01-02', '127.00'),
(4428, 'e49', '202105', 'taxi', '2021-05-08', '22.00'),
(4429, 'e49', '202101', 'traiteur, alimentation, boisson', '2021-01-08', '331.00'),
(4430, 'e49', '202105', 'traiteur, alimentation, boisson', '2021-05-15', '65.00'),
(4431, 'e49', '202101', 'traiteur, alimentation, boisson', '2021-01-01', '413.00'),
(4432, 'e49', '202106', 'location équipement vidéo/sonore', '2021-06-03', '258.00'),
(4433, 'e49', '202102', 'repas avec praticien', '2021-02-13', '50.00'),
(4434, 'e49', '202106', 'traiteur, alimentation, boisson', '2021-06-12', '127.00'),
(4435, 'e49', '202102', 'Voyage SNCF', '2021-02-21', '58.00'),
(4436, 'e49', '202106', 'location salle conférence', '2021-06-16', '608.00'),
(4437, 'e49', '202102', 'traiteur, alimentation, boisson', '2021-02-15', '137.00'),
(4438, 'e49', '202107', 'location véhicule', '2021-07-09', '249.00'),
(4439, 'e49', '202102', 'rémunération intervenant/spécialiste', '2021-02-06', '784.00'),
(4440, 'e49', '202108', 'frais vestimentaire/représentation', '2021-08-04', '187.00'),
(4441, 'e49', '202102', 'rémunération intervenant/spécialiste', '2021-02-27', '906.00'),
(4442, 'e49', '202108', 'frais vestimentaire/représentation', '2021-08-27', '407.00'),
(4443, 'e49', '202103', 'achat de matériel de papèterie', '2021-03-24', '22.00'),
(4444, 'e49', '202108', 'repas avec praticien', '2021-08-17', '34.00'),
(4445, 'e49', '202104', 'location équipement vidéo/sonore', '2021-04-23', '478.00'),
(4446, 'e49', '202108', 'taxi', '2021-08-14', '61.00'),
(4447, 'e49', '202105', 'location équipement vidéo/sonore', '2021-05-28', '641.00'),
(4448, 'e49', '202108', 'frais vestimentaire/représentation', '2021-08-05', '43.00'),
(4449, 'e49', '202105', 'location véhicule', '2021-05-27', '80.00'),
(4451, 'e49', '202105', 'frais vestimentaire/représentation', '2021-05-04', '286.00'),
(4453, 'e49', '202105', 'traiteur, alimentation, boisson', '2021-05-11', '370.00'),
(4455, 'e49', '202105', 'traiteur, alimentation, boisson', '2021-05-04', '337.00'),
(4457, 'e49', '202105', 'location véhicule', '2021-05-22', '414.00'),
(4459, 'e49', '202106', 'taxi', '2021-06-19', '75.00'),
(4461, 'e49', '202107', 'location salle conférence', '2021-07-25', '607.00'),
(4463, 'e49', '202108', 'traiteur, alimentation, boisson', '2021-08-25', '432.00'),
(4465, 'e49', '202108', 'location équipement vidéo/sonore', '2021-08-11', '586.00'),
(4594, 'e5', '202101', 'taxi', '2021-01-02', '36.00'),
(4596, 'e5', '202102', 'rémunération intervenant/spécialiste', '2021-02-13', '477.00'),
(4598, 'e5', '202102', 'frais vestimentaire/représentation', '2021-02-03', '173.00'),
(4600, 'e5', '202102', 'rémunération intervenant/spécialiste', '2021-02-25', '594.00'),
(4602, 'e5', '202102', 'traiteur, alimentation, boisson', '2021-02-16', '91.00'),
(4604, 'e5', '202103', 'location salle conférence', '2021-03-17', '499.00'),
(4606, 'e5', '202103', 'rémunération intervenant/spécialiste', '2021-03-09', '267.00'),
(4608, 'e5', '202103', 'location équipement vidéo/sonore', '2021-03-25', '122.00'),
(4610, 'e5', '202103', 'location salle conférence', '2021-03-02', '370.00'),
(4612, 'e5', '202104', 'taxi', '2021-04-19', '58.00'),
(4614, 'e5', '202105', 'location salle conférence', '2021-05-11', '422.00'),
(4615, 'e5', '202101', 'repas avec praticien', '2021-01-28', '40.00'),
(4616, 'e5', '202106', 'frais vestimentaire/représentation', '2021-06-18', '222.00'),
(4617, 'e5', '202102', 'frais vestimentaire/représentation', '2021-02-04', '441.00'),
(4618, 'e5', '202107', 'location salle conférence', '2021-07-27', '250.00'),
(4619, 'e5', '202102', 'taxi', '2021-02-12', '58.00'),
(4620, 'e5', '202103', 'traiteur, alimentation, boisson', '2021-03-20', '59.00'),
(4621, 'e5', '202107', 'location salle conférence', '2021-07-04', '152.00'),
(4622, 'e5', '202103', 'Voyage SNCF', '2021-03-28', '83.00'),
(4623, 'e5', '202108', 'location véhicule', '2021-08-06', '353.00'),
(4624, 'e5', '202103', 'frais vestimentaire/représentation', '2021-03-22', '146.00'),
(4625, 'e5', '202108', 'location équipement vidéo/sonore', '2021-08-25', '573.00'),
(4626, 'e5', '202104', 'Voyage SNCF', '2021-04-01', '59.00'),
(4627, 'e5', '202108', 'location salle conférence', '2021-08-13', '152.00'),
(4628, 'e5', '202105', 'traiteur, alimentation, boisson', '2021-05-07', '106.00'),
(4629, 'e5', '202108', 'repas avec praticien', '2021-08-17', '44.00'),
(4630, 'e5', '202105', 'location véhicule', '2021-05-21', '401.00'),
(4632, 'e5', '202105', 'frais vestimentaire/représentation', '2021-05-05', '384.00'),
(4634, 'e5', '202105', 'rémunération intervenant/spécialiste', '2021-05-19', '1121.00'),
(4636, 'e5', '202106', 'repas avec praticien', '2021-06-09', '35.00'),
(4638, 'e5', '202106', 'traiteur, alimentation, boisson', '2021-06-09', '215.00'),
(4640, 'e5', '202107', 'location salle conférence', '2021-07-26', '233.00'),
(4642, 'e5', '202107', 'location salle conférence', '2021-07-01', '246.00'),
(4644, 'e5', '202108', 'rémunération intervenant/spécialiste', '2021-08-27', '1064.00'),
(4646, 'e5', '202108', 'achat de matériel de papèterie', '2021-08-17', '10.00'),
(4759, 'e52', '202101', 'achat de matériel de papèterie', '2021-01-12', '38.00'),
(4761, 'e52', '202101', 'traiteur, alimentation, boisson', '2021-01-05', '280.00'),
(4763, 'e52', '202101', 'taxi', '2021-01-01', '32.00'),
(4765, 'e52', '202101', 'location véhicule', '2021-01-06', '196.00'),
(4766, 'e52', '202101', 'Voyage SNCF', '2021-01-21', '30.00'),
(4769, 'e52', '202101', 'traiteur, alimentation, boisson', '2021-01-10', '300.00'),
(4771, 'e52', '202102', 'location équipement vidéo/sonore', '2021-02-01', '512.00'),
(4773, 'e52', '202102', 'location équipement vidéo/sonore', '2021-02-23', '681.00'),
(4775, 'e52', '202102', 'location véhicule', '2021-02-02', '344.00'),
(4777, 'e52', '202102', 'Voyage SNCF', '2021-02-07', '149.00'),
(4779, 'e52', '202103', 'taxi', '2021-03-18', '30.00'),
(4781, 'e52', '202103', 'location véhicule', '2021-03-18', '65.00'),
(4783, 'e52', '202103', 'location équipement vidéo/sonore', '2021-03-20', '713.00'),
(4784, 'e52', '202101', 'location équipement vidéo/sonore', '2021-01-23', '629.00'),
(4785, 'e52', '202103', 'repas avec praticien', '2021-03-26', '49.00'),
(4786, 'e52', '202101', 'rémunération intervenant/spécialiste', '2021-01-24', '1075.00'),
(4787, 'e52', '202104', 'rémunération intervenant/spécialiste', '2021-04-04', '316.00'),
(4788, 'e52', '202101', 'traiteur, alimentation, boisson', '2021-01-22', '282.00'),
(4789, 'e52', '202105', 'taxi', '2021-05-27', '48.00'),
(4790, 'e52', '202101', 'location équipement vidéo/sonore', '2021-01-28', '116.00'),
(4791, 'e52', '202105', 'taxi', '2021-05-28', '77.00'),
(4792, 'e52', '202101', 'traiteur, alimentation, boisson', '2021-01-27', '317.00'),
(4793, 'e52', '202105', 'frais vestimentaire/représentation', '2021-05-08', '337.00'),
(4794, 'e52', '202102', 'location véhicule', '2021-02-20', '175.00'),
(4795, 'e52', '202105', 'achat de matériel de papèterie', '2021-05-04', '20.00'),
(4796, 'e52', '202102', 'Voyage SNCF', '2021-02-28', '108.00'),
(4797, 'e52', '202105', 'rémunération intervenant/spécialiste', '2021-05-05', '756.00'),
(4798, 'e52', '202102', 'achat de matériel de papèterie', '2021-02-18', '12.00'),
(4799, 'e52', '202106', 'frais vestimentaire/représentation', '2021-06-17', '436.00'),
(4800, 'e52', '202102', 'taxi', '2021-02-28', '54.00'),
(4801, 'e52', '202107', 'rémunération intervenant/spécialiste', '2021-07-24', '377.00'),
(4802, 'e52', '202102', 'location véhicule', '2021-02-25', '210.00'),
(4803, 'e52', '202107', 'Voyage SNCF', '2021-07-08', '36.00'),
(4804, 'e52', '202103', 'frais vestimentaire/représentation', '2021-03-12', '118.00'),
(4805, 'e52', '202108', 'traiteur, alimentation, boisson', '2021-08-02', '256.00'),
(4806, 'e52', '202103', 'taxi', '2021-03-24', '21.00'),
(4807, 'e52', '202108', 'rémunération intervenant/spécialiste', '2021-08-09', '271.00'),
(4808, 'e52', '202104', 'repas avec praticien', '2021-04-28', '42.00'),
(4809, 'e52', '202108', 'rémunération intervenant/spécialiste', '2021-08-22', '765.00'),
(4810, 'e52', '202104', 'frais vestimentaire/représentation', '2021-04-23', '442.00'),
(4811, 'e52', '202108', 'location véhicule', '2021-08-16', '25.00'),
(4812, 'e52', '202104', 'location véhicule', '2021-04-05', '100.00'),
(4813, 'e52', '202108', 'taxi', '2021-08-04', '45.00'),
(4814, 'e52', '202104', 'taxi', '2021-04-28', '38.00'),
(4816, 'e52', '202104', 'frais vestimentaire/représentation', '2021-04-12', '444.00'),
(4818, 'e52', '202104', 'taxi', '2021-04-19', '44.00'),
(4820, 'e52', '202105', 'taxi', '2021-05-09', '77.00'),
(4822, 'e52', '202105', 'repas avec praticien', '2021-05-15', '47.00'),
(4824, 'e52', '202105', 'traiteur, alimentation, boisson', '2021-05-11', '284.00'),
(4826, 'e52', '202105', 'rémunération intervenant/spécialiste', '2021-05-20', '768.00'),
(4828, 'e52', '202105', 'location équipement vidéo/sonore', '2021-05-23', '305.00'),
(4830, 'e52', '202105', 'achat de matériel de papèterie', '2021-05-25', '21.00'),
(4832, 'e52', '202106', 'frais vestimentaire/représentation', '2021-06-11', '361.00'),
(4834, 'e52', '202106', 'repas avec praticien', '2021-06-18', '32.00'),
(4836, 'e52', '202107', 'traiteur, alimentation, boisson', '2021-07-14', '39.00'),
(4838, 'e52', '202107', 'taxi', '2021-07-04', '66.00'),
(4840, 'e52', '202107', 'traiteur, alimentation, boisson', '2021-07-20', '72.00'),
(4842, 'e52', '202107', 'traiteur, alimentation, boisson', '2021-07-21', '397.00'),
(4844, 'e52', '202108', 'location salle conférence', '2021-08-26', '360.00'),
(4846, 'e52', '202108', 'location salle conférence', '2021-08-03', '315.00'),
(4848, 'e52', '202108', 'frais vestimentaire/représentation', '2021-08-12', '288.00'),
(4850, 'e52', '202108', 'frais vestimentaire/représentation', '2021-08-15', '355.00'),
(4852, 'e52', '202108', 'taxi', '2021-08-19', '70.00'),
(4853, 'e52', '202108', 'Voyage SNCF', '2021-08-26', '125.00'),
(4969, 'f21', '202101', 'repas avec praticien', '2021-01-04', '44.00'),
(4971, 'f21', '202101', 'location salle conférence', '2021-01-24', '645.00'),
(4973, 'f21', '202101', 'repas avec praticien', '2021-01-14', '47.00'),
(4975, 'f21', '202101', 'rémunération intervenant/spécialiste', '2021-01-02', '703.00'),
(4977, 'f21', '202101', 'Voyage SNCF', '2021-01-07', '125.00'),
(4979, 'f21', '202101', 'Voyage SNCF', '2021-01-09', '84.00'),
(4981, 'f21', '202102', 'location véhicule', '2021-02-22', '172.00'),
(4983, 'f21', '202102', 'repas avec praticien', '2021-02-19', '41.00'),
(4985, 'f21', '202103', 'location véhicule', '2021-03-19', '234.00'),
(4987, 'f21', '202103', 'rémunération intervenant/spécialiste', '2021-03-23', '410.00'),
(4989, 'f21', '202103', 'taxi', '2021-03-22', '29.00'),
(4991, 'f21', '202103', 'traiteur, alimentation, boisson', '2021-03-06', '121.00'),
(4993, 'f21', '202103', 'traiteur, alimentation, boisson', '2021-03-07', '178.00'),
(4995, 'f21', '202103', 'achat de matériel de papèterie', '2021-03-08', '18.00'),
(4997, 'f21', '202104', 'location véhicule', '2021-04-27', '221.00'),
(4999, 'f21', '202104', 'location équipement vidéo/sonore', '2021-04-25', '549.00'),
(5001, 'f21', '202104', 'location salle conférence', '2021-04-09', '214.00'),
(5003, 'f21', '202105', 'Voyage SNCF', '2021-05-02', '111.00'),
(5005, 'f21', '202106', 'location véhicule', '2021-06-24', '425.00'),
(5007, 'f21', '202106', 'location véhicule', '2021-06-19', '333.00'),
(5009, 'f21', '202107', 'rémunération intervenant/spécialiste', '2021-07-06', '563.00'),
(5011, 'f21', '202107', 'location salle conférence', '2021-07-09', '374.00'),
(5013, 'f21', '202107', 'repas avec praticien', '2021-07-25', '50.00'),
(5014, 'f21', '202107', 'taxi', '2021-07-11', '50.00'),
(5016, 'f21', '202107', 'location salle conférence', '2021-07-01', '566.00'),
(5018, 'f21', '202107', 'achat de matériel de papèterie', '2021-07-10', '19.00'),
(5020, 'f21', '202108', 'achat de matériel de papèterie', '2021-08-12', '46.00'),
(5022, 'f21', '202108', 'frais vestimentaire/représentation', '2021-08-14', '441.00'),
(5023, 'f21', '202101', 'frais vestimentaire/représentation', '2021-01-21', '33.00'),
(5025, 'f21', '202102', 'Voyage SNCF', '2021-02-28', '67.00'),
(5027, 'f21', '202103', 'frais vestimentaire/représentation', '2021-03-26', '295.00'),
(5029, 'f21', '202103', 'rémunération intervenant/spécialiste', '2021-03-07', '275.00'),
(5031, 'f21', '202103', 'frais vestimentaire/représentation', '2021-03-22', '245.00'),
(5033, 'f21', '202104', 'achat de matériel de papèterie', '2021-04-03', '27.00'),
(5035, 'f21', '202104', 'Voyage SNCF', '2021-04-25', '65.00'),
(5037, 'f21', '202105', 'location salle conférence', '2021-05-23', '241.00'),
(5039, 'f21', '202106', 'rémunération intervenant/spécialiste', '2021-06-20', '547.00'),
(5041, 'f21', '202106', 'achat de matériel de papèterie', '2021-06-11', '24.00'),
(5043, 'f21', '202106', 'Voyage SNCF', '2021-06-09', '124.00'),
(5045, 'f21', '202107', 'location équipement vidéo/sonore', '2021-07-20', '487.00'),
(5047, 'f21', '202107', 'location salle conférence', '2021-07-26', '323.00'),
(5049, 'f21', '202107', 'repas avec praticien', '2021-07-27', '34.00'),
(5051, 'f21', '202107', 'achat de matériel de papèterie', '2021-07-09', '33.00'),
(5053, 'f21', '202108', 'rémunération intervenant/spécialiste', '2021-08-20', '738.00'),
(5161, 'f39', '202101', 'rémunération intervenant/spécialiste', '2021-01-19', '424.00'),
(5163, 'f39', '202101', 'location véhicule', '2021-01-09', '392.00'),
(5165, 'f39', '202102', 'location équipement vidéo/sonore', '2021-02-25', '273.00'),
(5167, 'f39', '202102', 'traiteur, alimentation, boisson', '2021-02-26', '133.00'),
(5169, 'f39', '202103', 'taxi', '2021-03-15', '43.00'),
(5171, 'f39', '202103', 'location véhicule', '2021-03-17', '307.00'),
(5173, 'f39', '202104', 'taxi', '2021-04-25', '63.00'),
(5175, 'f39', '202105', 'frais vestimentaire/représentation', '2021-05-20', '332.00'),
(5177, 'f39', '202105', 'taxi', '2021-05-15', '33.00'),
(5179, 'f39', '202106', 'location salle conférence', '2021-06-14', '540.00'),
(5181, 'f39', '202107', 'frais vestimentaire/représentation', '2021-07-13', '401.00'),
(5183, 'f39', '202107', 'Voyage SNCF', '2021-07-06', '93.00'),
(5185, 'f39', '202108', 'achat de matériel de papèterie', '2021-08-28', '15.00'),
(5187, 'f39', '202108', 'taxi', '2021-08-12', '25.00'),
(5189, 'f39', '202108', 'frais vestimentaire/représentation', '2021-08-26', '95.00'),
(5191, 'f39', '202108', 'location salle conférence', '2021-08-15', '256.00'),
(5193, 'f39', '202108', 'traiteur, alimentation, boisson', '2021-08-20', '370.00'),
(5225, 'f39', '202101', 'location salle conférence', '2021-01-02', '191.00'),
(5227, 'f39', '202101', 'location salle conférence', '2021-01-27', '268.00'),
(5229, 'f39', '202101', 'traiteur, alimentation, boisson', '2021-01-12', '283.00'),
(5231, 'f39', '202101', 'location véhicule', '2021-01-05', '84.00'),
(5233, 'f39', '202101', 'location équipement vidéo/sonore', '2021-01-17', '596.00'),
(5235, 'f39', '202102', 'frais vestimentaire/représentation', '2021-02-07', '55.00'),
(5237, 'f39', '202103', 'achat de matériel de papèterie', '2021-03-27', '22.00'),
(5239, 'f39', '202103', 'repas avec praticien', '2021-03-03', '47.00'),
(5241, 'f39', '202103', 'repas avec praticien', '2021-03-06', '43.00'),
(5243, 'f39', '202103', 'traiteur, alimentation, boisson', '2021-03-13', '183.00'),
(5245, 'f39', '202104', 'rémunération intervenant/spécialiste', '2021-04-25', '530.00'),
(5247, 'f39', '202104', 'traiteur, alimentation, boisson', '2021-04-19', '188.00'),
(5249, 'f39', '202104', 'frais vestimentaire/représentation', '2021-04-15', '197.00'),
(5251, 'f39', '202104', 'location équipement vidéo/sonore', '2021-04-06', '175.00'),
(5254, 'f39', '202105', 'Voyage SNCF', '2021-05-02', '54.00'),
(5256, 'f39', '202105', 'rémunération intervenant/spécialiste', '2021-05-20', '421.00'),
(5258, 'f39', '202106', 'frais vestimentaire/représentation', '2021-06-15', '311.00'),
(5260, 'f39', '202106', 'Voyage SNCF', '2021-06-07', '145.00'),
(5262, 'f39', '202106', 'achat de matériel de papèterie', '2021-06-03', '42.00'),
(5264, 'f39', '202106', 'location équipement vidéo/sonore', '2021-06-01', '790.00'),
(5266, 'f39', '202107', 'location équipement vidéo/sonore', '2021-07-17', '473.00'),
(5268, 'f39', '202107', 'rémunération intervenant/spécialiste', '2021-07-10', '772.00'),
(5270, 'f39', '202107', 'traiteur, alimentation, boisson', '2021-07-24', '420.00'),
(5272, 'f39', '202107', 'Voyage SNCF', '2021-07-05', '105.00'),
(5274, 'f39', '202107', 'repas avec praticien', '2021-07-23', '35.00'),
(5275, 'f39', '202107', 'rémunération intervenant/spécialiste', '2021-07-23', '1174.00'),
(5277, 'f39', '202108', 'taxi', '2021-08-13', '80.00'),
(5279, 'f39', '202108', 'location salle conférence', '2021-08-27', '588.00'),
(5281, 'f39', '202108', 'taxi', '2021-08-14', '53.00'),
(5283, 'f39', '202108', 'achat de matériel de papèterie', '2021-08-06', '35.00'),
(5285, 'f39', '202108', 'taxi', '2021-08-16', '49.00'),
(5330, 'f4', '202101', 'location équipement vidéo/sonore', '2021-01-28', '617.00'),
(5332, 'f4', '202101', 'location salle conférence', '2021-01-12', '650.00'),
(5334, 'f4', '202101', 'Voyage SNCF', '2021-01-09', '47.00'),
(5336, 'f4', '202101', 'location véhicule', '2021-01-10', '147.00'),
(5338, 'f4', '202101', 'frais vestimentaire/représentation', '2021-01-10', '377.00'),
(5340, 'f4', '202101', 'traiteur, alimentation, boisson', '2021-01-20', '298.00'),
(5342, 'f4', '202102', 'frais vestimentaire/représentation', '2021-02-10', '277.00'),
(5344, 'f4', '202103', 'repas avec praticien', '2021-03-01', '41.00'),
(5346, 'f4', '202103', 'achat de matériel de papèterie', '2021-03-19', '48.00'),
(5348, 'f4', '202103', 'rémunération intervenant/spécialiste', '2021-03-08', '1065.00'),
(5350, 'f4', '202103', 'rémunération intervenant/spécialiste', '2021-03-05', '789.00'),
(5352, 'f4', '202104', 'location véhicule', '2021-04-02', '274.00'),
(5354, 'f4', '202105', 'frais vestimentaire/représentation', '2021-05-27', '52.00'),
(5356, 'f4', '202106', 'repas avec praticien', '2021-06-24', '47.00'),
(5358, 'f4', '202107', 'repas avec praticien', '2021-07-07', '35.00'),
(5360, 'f4', '202108', 'frais vestimentaire/représentation', '2021-08-01', '105.00'),
(5362, 'f4', '202108', 'repas avec praticien', '2021-08-27', '42.00'),
(5363, 'f4', '202108', 'location équipement vidéo/sonore', '2021-08-07', '773.00'),
(5365, 'f4', '202108', 'location salle conférence', '2021-08-25', '288.00'),
(5367, 'f4', '202108', 'Voyage SNCF', '2021-08-07', '129.00'),
(5421, 'f4', '202101', 'rémunération intervenant/spécialiste', '2021-01-24', '659.00'),
(5422, 'f4', '202101', 'taxi', '2021-01-11', '25.00'),
(5423, 'f4', '202101', 'achat de matériel de papèterie', '2021-01-07', '21.00'),
(5424, 'f4', '202101', 'frais vestimentaire/représentation', '2021-01-24', '99.00'),
(5425, 'f4', '202101', 'rémunération intervenant/spécialiste', '2021-01-11', '958.00'),
(5426, 'f4', '202102', 'Voyage SNCF', '2021-02-17', '40.00'),
(5427, 'f4', '202102', 'location équipement vidéo/sonore', '2021-02-19', '317.00'),
(5428, 'f4', '202102', 'achat de matériel de papèterie', '2021-02-05', '38.00'),
(5429, 'f4', '202103', 'location véhicule', '2021-03-19', '417.00'),
(5430, 'f4', '202103', 'location véhicule', '2021-03-01', '49.00'),
(5431, 'f4', '202103', 'frais vestimentaire/représentation', '2021-03-19', '221.00'),
(5432, 'f4', '202103', 'location véhicule', '2021-03-05', '270.00'),
(5433, 'f4', '202103', 'frais vestimentaire/représentation', '2021-03-19', '51.00'),
(5434, 'f4', '202104', 'location véhicule', '2021-04-22', '229.00'),
(5435, 'f4', '202104', 'taxi', '2021-04-18', '55.00'),
(5436, 'f4', '202105', 'traiteur, alimentation, boisson', '2021-05-13', '54.00'),
(5437, 'f4', '202105', 'frais vestimentaire/représentation', '2021-05-19', '391.00'),
(5438, 'f4', '202105', 'location salle conférence', '2021-05-11', '511.00'),
(5439, 'f4', '202105', 'achat de matériel de papèterie', '2021-05-27', '30.00'),
(5440, 'f4', '202105', 'location équipement vidéo/sonore', '2021-05-06', '801.00'),
(5441, 'f4', '202105', 'traiteur, alimentation, boisson', '2021-05-24', '180.00'),
(5442, 'f4', '202106', 'location salle conférence', '2021-06-06', '539.00'),
(5443, 'f4', '202106', 'rémunération intervenant/spécialiste', '2021-06-09', '651.00'),
(5444, 'f4', '202106', 'location véhicule', '2021-06-06', '25.00'),
(5445, 'f4', '202107', 'achat de matériel de papèterie', '2021-07-25', '40.00'),
(5446, 'f4', '202107', 'location véhicule', '2021-07-26', '421.00'),
(5447, 'f4', '202107', 'frais vestimentaire/représentation', '2021-07-16', '424.00'),
(5448, 'f4', '202107', 'repas avec praticien', '2021-07-27', '44.00'),
(5449, 'f4', '202108', 'frais vestimentaire/représentation', '2021-08-17', '266.00'),
(5450, 'f4', '202108', 'taxi', '2021-08-20', '36.00'),
(5451, 'f4', '202108', 'achat de matériel de papèterie', '2021-08-25', '25.00'),
(5452, 'f4', '202108', 'rémunération intervenant/spécialiste', '2021-08-22', '540.00'),
(5453, 'f4', '202108', 'taxi', '2021-08-09', '55.00'),
(5454, 'f4', '202108', 'taxi', '2021-08-01', '44.00');

-- --------------------------------------------------------

--
-- Table structure for table `visiteur`
--

CREATE TABLE `visiteur` (
  `id` char(4) NOT NULL,
  `nom` char(30) DEFAULT NULL,
  `prenom` char(30) DEFAULT NULL,
  `login` char(20) DEFAULT NULL,
  `mdp` char(20) DEFAULT NULL,
  `adresse` char(30) DEFAULT NULL,
  `cp` char(5) DEFAULT NULL,
  `ville` char(30) DEFAULT NULL,
  `dateEmbauche` date DEFAULT NULL
) ENGINE=InnoDB DEFAULT CHARSET=latin1;

--
-- Dumping data for table `visiteur`
--

INSERT INTO `visiteur` (`id`, `nom`, `prenom`, `login`, `mdp`, `adresse`, `cp`, `ville`, `dateEmbauche`) VALUES
('a131', 'Villechalane', 'Louis', 'lvillachane', 'jux7g', '8 rue des Charmes', '46000', 'Cahors', '2015-12-21'),
('a17', 'Andre', 'David', 'dandre', 'oppg5', '1 rue Petit', '46200', 'Lalbenque', '2008-11-23'),
('a55', 'Bedos', 'Christian', 'cbedos', 'gmhxd', '1 rue Peranud', '46250', 'Montcuq', '2005-01-12'),
('a93', 'Tusseau', 'Louis', 'ltusseau', 'ktp3s', '22 rue des Ternes', '46123', 'Gramat', '2010-05-01'),
('b13', 'Bentot', 'Pascal', 'pbentot', 'doyw1', '11 allée des Cerises', '46512', 'Bessines', '2002-07-09'),
('b16', 'Bioret', 'Luc', 'lbioret', 'hrjfs', '1 Avenue gambetta', '46000', 'Cahors', '2008-05-11'),
('b19', 'Bunisset', 'Francis', 'fbunisset', '4vbnd', '10 rue des Perles', '93100', 'Montreuil', '1997-10-21'),
('b25', 'Bunisset', 'Denise', 'dbunisset', 's1y1r', '23 rue Manin', '75019', 'paris', '2020-12-05'),
('b28', 'Cacheux', 'Bernard', 'bcacheux', 'uf7r3', '114 rue Blanche', '75017', 'Paris', '2019-11-12'),
('b34', 'Cadic', 'Eric', 'ecadic', '6u8dc', '123 avenue de la République', '75011', 'Paris', '2018-09-23'),
('b4', 'Charoze', 'Catherine', 'ccharoze', 'u817o', '100 rue Petit', '75019', 'Paris', '2015-11-12'),
('b50', 'Clepkens', 'Christophe', 'cclepkens', 'bw1us', '12 allée des Anges', '93230', 'Romainville', '2013-08-11'),
('b59', 'Cottin', 'Vincenne', 'vcottin', '2hoh9', '36 rue Des Roches', '93100', 'Monteuil', '2011-11-18'),
('c14', 'Daburon', 'François', 'fdaburon', '7oqpv', '13 rue de Chanzy', '94000', 'Créteil', '2012-02-11'),
('c3', 'De', 'Philippe', 'pde', 'gk9kx', '13 rue Barthes', '94000', 'Créteil', '2020-12-14'),
('c54', 'Debelle', 'Michel', 'mdebelle', 'od5rt', '181 avenue Barbusse', '93210', 'Rosny', '2016-11-23'),
('d13', 'Debelle', 'Jeanne', 'jdebelle', 'nvwqq', '134 allée des Joncs', '44000', 'Nantes', '2010-05-11'),
('d51', 'Debroise', 'Michel', 'mdebroise', 'sghkb', '2 Bld Jourdain', '44000', 'Nantes', '2011-04-17'),
('e22', 'Desmarquest', 'Nathalie', 'ndesmarquest', 'f1fob', '14 Place d Arc', '45000', 'Orléans', '2015-11-12'),
('e24', 'Desnost', 'Pierre', 'pdesnost', '4k2o5', '16 avenue des Cèdres', '23200', 'Guéret', '2011-02-05'),
('e39', 'Dudouit', 'Frédéric', 'fdudouit', '44im8', '18 rue de l église', '23120', 'GrandBourg', '2010-08-01'),
('e49', 'Duncombe', 'Claude', 'cduncombe', 'qf77j', '19 rue de la tour', '23100', 'La souteraine', '1997-10-10'),
('e5', 'Enault-Pascreau', 'Céline', 'cenault', 'y2qdu', '25 place de la gare', '23200', 'Gueret', '2005-09-01'),
('e52', 'Eynde', 'Valérie', 'veynde', 'i7sn3', '3 Grand Place', '13015', 'Marseille', '2009-11-01'),
('f21', 'Finck', 'Jacques', 'jfinck', 'mpb3t', '10 avenue du Prado', '13002', 'Marseille', '2011-11-10'),
('f39', 'Frémont', 'Fernande', 'ffremont', 'xs5tq', '4 route de la mer', '13012', 'Allauh', '2008-10-01'),
('f4', 'Gest', 'Alain', 'agest', 'dywvt', '30 avenue de la mer', '13025', 'Berre', '1995-11-01');

--
-- Indexes for dumped tables
--

--
-- Indexes for table `etat`
--
ALTER TABLE `etat`
  ADD PRIMARY KEY (`id`);

--
-- Indexes for table `fichefrais`
--
ALTER TABLE `fichefrais`
  ADD PRIMARY KEY (`idVisiteur`,`mois`),
  ADD KEY `idEtat` (`idEtat`);

--
-- Indexes for table `fraisforfait`
--
ALTER TABLE `fraisforfait`
  ADD PRIMARY KEY (`id`);

--
-- Indexes for table `lignefraisforfait`
--
ALTER TABLE `lignefraisforfait`
  ADD PRIMARY KEY (`idVisiteur`,`mois`,`idFraisForfait`),
  ADD KEY `idFraisForfait` (`idFraisForfait`);

--
-- Indexes for table `lignefraishorsforfait`
--
ALTER TABLE `lignefraishorsforfait`
  ADD PRIMARY KEY (`id`),
  ADD KEY `idVisiteur` (`idVisiteur`,`mois`);

--
-- Indexes for table `visiteur`
--
ALTER TABLE `visiteur`
  ADD PRIMARY KEY (`id`);

--
-- AUTO_INCREMENT for dumped tables
--

--
-- AUTO_INCREMENT for table `lignefraishorsforfait`
--
ALTER TABLE `lignefraishorsforfait`
  MODIFY `id` int(11) NOT NULL AUTO_INCREMENT, AUTO_INCREMENT=5455;

--
-- Constraints for dumped tables
--

--
-- Constraints for table `fichefrais`
--
ALTER TABLE `fichefrais`
  ADD CONSTRAINT `fichefrais_ibfk_1` FOREIGN KEY (`idEtat`) REFERENCES `etat` (`id`),
  ADD CONSTRAINT `fichefrais_ibfk_2` FOREIGN KEY (`idVisiteur`) REFERENCES `visiteur` (`id`);

--
-- Constraints for table `lignefraisforfait`
--
ALTER TABLE `lignefraisforfait`
  ADD CONSTRAINT `lignefraisforfait_ibfk_1` FOREIGN KEY (`idVisiteur`,`mois`) REFERENCES `fichefrais` (`idVisiteur`, `mois`),
  ADD CONSTRAINT `lignefraisforfait_ibfk_2` FOREIGN KEY (`idFraisForfait`) REFERENCES `fraisforfait` (`id`);

--
-- Constraints for table `lignefraishorsforfait`
--
ALTER TABLE `lignefraishorsforfait`
  ADD CONSTRAINT `lignefraishorsforfait_ibfk_1` FOREIGN KEY (`idVisiteur`,`mois`) REFERENCES `fichefrais` (`idVisiteur`, `mois`);
COMMIT;

/*!40101 SET CHARACTER_SET_CLIENT=@OLD_CHARACTER_SET_CLIENT */;
/*!40101 SET CHARACTER_SET_RESULTS=@OLD_CHARACTER_SET_RESULTS */;
/*!40101 SET COLLATION_CONNECTION=@OLD_COLLATION_CONNECTION */;
